[
{
    "model": "sessions.session",
    "pk": "1v1lyqx4kysr22akpnymz15cjtypg34m",
    "fields": {
        "session_data": "NWNhMWRlYjhkOWIwNzdiZTNhMWQ4Mzk1YzNlN2M3NGMyZWYzNWVkMzp7Il9hdXRoX3VzZXJfaGFzaCI6ImZiMDE2MTQ5MTE2MTkwYzAxYTA0MWExZWQ4ZmExMTM2MmRkN2E5ZmEiLCJfYXV0aF91c2VyX2JhY2tlbmQiOiJhY2NvdW50cy5iYWNrZW5kcy5FbWFpbEF1dGgiLCJfYXV0aF91c2VyX2lkIjoiMjIifQ==",
        "expire_date": "2017-12-13T03:49:08.735Z"
    }
},
{
    "model": "sessions.session",
    "pk": "6g3n3u1l58wktb5sz26dwp0lay0chnd0",
    "fields": {
        "session_data": "ZGMwNTI0NDY1OWEwYTMzMzM0ZWE4YmM3OTM2NmNmNTA1NGFjOTBhMDp7Il9hdXRoX3VzZXJfaGFzaCI6Ijc4YTA2OWU1MjkzMTYyYmQ1MDJmZDdhNzhmNWFjMTdlM2YzOGQxYWQiLCJfYXV0aF91c2VyX2JhY2tlbmQiOiJhY2NvdW50cy5iYWNrZW5kcy5FbWFpbEF1dGgiLCJfYXV0aF91c2VyX2lkIjoiMjEifQ==",
        "expire_date": "2017-12-15T17:03:07.439Z"
    }
},
{
    "model": "sessions.session",
    "pk": "6ml01sjth8exuff0bpzb86umt14oun1z",
    "fields": {
        "session_data": "MjkxNTM3NzlmZjQ3YmQ1ZWZhMTRjOTE4NDY2NmExODU2MGIzZDQzNTp7Il9hdXRoX3VzZXJfaGFzaCI6IjM4MWM3OTNmNjdjNTA3NmNhYzg3MDcyNmEzZWNiZWE1MGZlMDgwMmYiLCJfYXV0aF91c2VyX2JhY2tlbmQiOiJkamFuZ28uY29udHJpYi5hdXRoLmJhY2tlbmRzLk1vZGVsQmFja2VuZCIsIl9hdXRoX3VzZXJfaWQiOiIxIn0=",
        "expire_date": "2017-12-22T14:08:03.861Z"
    }
},
{
    "model": "sessions.session",
    "pk": "6sf9wrt6ck1zluif3oog5gixgguor3ow",
    "fields": {
        "session_data": "MjkxNTM3NzlmZjQ3YmQ1ZWZhMTRjOTE4NDY2NmExODU2MGIzZDQzNTp7Il9hdXRoX3VzZXJfaGFzaCI6IjM4MWM3OTNmNjdjNTA3NmNhYzg3MDcyNmEzZWNiZWE1MGZlMDgwMmYiLCJfYXV0aF91c2VyX2JhY2tlbmQiOiJkamFuZ28uY29udHJpYi5hdXRoLmJhY2tlbmRzLk1vZGVsQmFja2VuZCIsIl9hdXRoX3VzZXJfaWQiOiIxIn0=",
        "expire_date": "2017-12-18T17:42:24.456Z"
    }
},
{
    "model": "sessions.session",
    "pk": "762c1yihkqxilaavqfeevsc6urgb2i4q",
    "fields": {
        "session_data": "MjkxNTM3NzlmZjQ3YmQ1ZWZhMTRjOTE4NDY2NmExODU2MGIzZDQzNTp7Il9hdXRoX3VzZXJfaGFzaCI6IjM4MWM3OTNmNjdjNTA3NmNhYzg3MDcyNmEzZWNiZWE1MGZlMDgwMmYiLCJfYXV0aF91c2VyX2JhY2tlbmQiOiJkamFuZ28uY29udHJpYi5hdXRoLmJhY2tlbmRzLk1vZGVsQmFja2VuZCIsIl9hdXRoX3VzZXJfaWQiOiIxIn0=",
        "expire_date": "2017-12-19T16:38:07.319Z"
    }
},
{
    "model": "sessions.session",
    "pk": "87u3a1yuc9wcs5qi05uma7n0h7lu7e2x",
    "fields": {
        "session_data": "MjkxNTM3NzlmZjQ3YmQ1ZWZhMTRjOTE4NDY2NmExODU2MGIzZDQzNTp7Il9hdXRoX3VzZXJfaGFzaCI6IjM4MWM3OTNmNjdjNTA3NmNhYzg3MDcyNmEzZWNiZWE1MGZlMDgwMmYiLCJfYXV0aF91c2VyX2JhY2tlbmQiOiJkamFuZ28uY29udHJpYi5hdXRoLmJhY2tlbmRzLk1vZGVsQmFja2VuZCIsIl9hdXRoX3VzZXJfaWQiOiIxIn0=",
        "expire_date": "2017-12-20T19:32:42.459Z"
    }
},
{
    "model": "sessions.session",
    "pk": "b086bu6xwhp3rnfk8glvm37vz20me7v3",
    "fields": {
        "session_data": "MjkxNTM3NzlmZjQ3YmQ1ZWZhMTRjOTE4NDY2NmExODU2MGIzZDQzNTp7Il9hdXRoX3VzZXJfaGFzaCI6IjM4MWM3OTNmNjdjNTA3NmNhYzg3MDcyNmEzZWNiZWE1MGZlMDgwMmYiLCJfYXV0aF91c2VyX2JhY2tlbmQiOiJkamFuZ28uY29udHJpYi5hdXRoLmJhY2tlbmRzLk1vZGVsQmFja2VuZCIsIl9hdXRoX3VzZXJfaWQiOiIxIn0=",
        "expire_date": "2017-12-08T16:17:03.199Z"
    }
},
{
    "model": "sessions.session",
    "pk": "b25281sj25ka7i4tejioseq1sx6kovjh",
    "fields": {
        "session_data": "MjkxNTM3NzlmZjQ3YmQ1ZWZhMTRjOTE4NDY2NmExODU2MGIzZDQzNTp7Il9hdXRoX3VzZXJfaGFzaCI6IjM4MWM3OTNmNjdjNTA3NmNhYzg3MDcyNmEzZWNiZWE1MGZlMDgwMmYiLCJfYXV0aF91c2VyX2JhY2tlbmQiOiJkamFuZ28uY29udHJpYi5hdXRoLmJhY2tlbmRzLk1vZGVsQmFja2VuZCIsIl9hdXRoX3VzZXJfaWQiOiIxIn0=",
        "expire_date": "2017-12-04T14:44:37.520Z"
    }
},
{
    "model": "sessions.session",
    "pk": "c3v0u9w4znjvbiqvw5ujxg61bd21eoox",
    "fields": {
        "session_data": "MjkxNTM3NzlmZjQ3YmQ1ZWZhMTRjOTE4NDY2NmExODU2MGIzZDQzNTp7Il9hdXRoX3VzZXJfaGFzaCI6IjM4MWM3OTNmNjdjNTA3NmNhYzg3MDcyNmEzZWNiZWE1MGZlMDgwMmYiLCJfYXV0aF91c2VyX2JhY2tlbmQiOiJkamFuZ28uY29udHJpYi5hdXRoLmJhY2tlbmRzLk1vZGVsQmFja2VuZCIsIl9hdXRoX3VzZXJfaWQiOiIxIn0=",
        "expire_date": "2017-12-13T18:48:24.659Z"
    }
},
{
    "model": "sessions.session",
    "pk": "cqutcogxj5pk6ywyi9ffoz4m9ib3q5u4",
    "fields": {
        "session_data": "MjkxNTM3NzlmZjQ3YmQ1ZWZhMTRjOTE4NDY2NmExODU2MGIzZDQzNTp7Il9hdXRoX3VzZXJfaGFzaCI6IjM4MWM3OTNmNjdjNTA3NmNhYzg3MDcyNmEzZWNiZWE1MGZlMDgwMmYiLCJfYXV0aF91c2VyX2JhY2tlbmQiOiJkamFuZ28uY29udHJpYi5hdXRoLmJhY2tlbmRzLk1vZGVsQmFja2VuZCIsIl9hdXRoX3VzZXJfaWQiOiIxIn0=",
        "expire_date": "2017-12-13T02:41:17.900Z"
    }
},
{
    "model": "sessions.session",
    "pk": "espz6ojmx8ugmmvsm63war1uoh5k0ncy",
    "fields": {
        "session_data": "MjkxNTM3NzlmZjQ3YmQ1ZWZhMTRjOTE4NDY2NmExODU2MGIzZDQzNTp7Il9hdXRoX3VzZXJfaGFzaCI6IjM4MWM3OTNmNjdjNTA3NmNhYzg3MDcyNmEzZWNiZWE1MGZlMDgwMmYiLCJfYXV0aF91c2VyX2JhY2tlbmQiOiJkamFuZ28uY29udHJpYi5hdXRoLmJhY2tlbmRzLk1vZGVsQmFja2VuZCIsIl9hdXRoX3VzZXJfaWQiOiIxIn0=",
        "expire_date": "2017-11-30T00:10:54.870Z"
    }
},
{
    "model": "sessions.session",
    "pk": "f9n5i1o9i6gf4lgfe93rrpizaxbx0lw0",
    "fields": {
        "session_data": "MjkxNTM3NzlmZjQ3YmQ1ZWZhMTRjOTE4NDY2NmExODU2MGIzZDQzNTp7Il9hdXRoX3VzZXJfaGFzaCI6IjM4MWM3OTNmNjdjNTA3NmNhYzg3MDcyNmEzZWNiZWE1MGZlMDgwMmYiLCJfYXV0aF91c2VyX2JhY2tlbmQiOiJkamFuZ28uY29udHJpYi5hdXRoLmJhY2tlbmRzLk1vZGVsQmFja2VuZCIsIl9hdXRoX3VzZXJfaWQiOiIxIn0=",
        "expire_date": "2017-11-29T14:45:47.844Z"
    }
},
{
    "model": "sessions.session",
    "pk": "fnjpk39n6321y46bv4f2k8tpvjildzil",
    "fields": {
        "session_data": "MjkxNTM3NzlmZjQ3YmQ1ZWZhMTRjOTE4NDY2NmExODU2MGIzZDQzNTp7Il9hdXRoX3VzZXJfaGFzaCI6IjM4MWM3OTNmNjdjNTA3NmNhYzg3MDcyNmEzZWNiZWE1MGZlMDgwMmYiLCJfYXV0aF91c2VyX2JhY2tlbmQiOiJkamFuZ28uY29udHJpYi5hdXRoLmJhY2tlbmRzLk1vZGVsQmFja2VuZCIsIl9hdXRoX3VzZXJfaWQiOiIxIn0=",
        "expire_date": "2017-12-01T14:16:56.213Z"
    }
},
{
    "model": "sessions.session",
    "pk": "krkiag22ct6k8tvsr3rmef8r40kigiz6",
    "fields": {
        "session_data": "MjkxNTM3NzlmZjQ3YmQ1ZWZhMTRjOTE4NDY2NmExODU2MGIzZDQzNTp7Il9hdXRoX3VzZXJfaGFzaCI6IjM4MWM3OTNmNjdjNTA3NmNhYzg3MDcyNmEzZWNiZWE1MGZlMDgwMmYiLCJfYXV0aF91c2VyX2JhY2tlbmQiOiJkamFuZ28uY29udHJpYi5hdXRoLmJhY2tlbmRzLk1vZGVsQmFja2VuZCIsIl9hdXRoX3VzZXJfaWQiOiIxIn0=",
        "expire_date": "2017-12-20T19:20:03.552Z"
    }
},
{
    "model": "sessions.session",
    "pk": "m8viu2wv4859demxg6745dkjpr4ju1ox",
    "fields": {
        "session_data": "YjhhZjJmMjI5MzY3YWMxZWYwOGYwNzViNTcwYjU1YmFmOTQ2MjZjNDp7Il9hdXRoX3VzZXJfaGFzaCI6Ijg5NDRmZjFkMDU4N2EyY2FmMDI1YmZjYWFmNmE3Yjk1ZDAwMjMxN2IiLCJfYXV0aF91c2VyX2JhY2tlbmQiOiJhY2NvdW50cy5iYWNrZW5kcy5FbWFpbEF1dGgiLCJfYXV0aF91c2VyX2lkIjoiNDkifQ==",
        "expire_date": "2017-12-22T14:24:43.830Z"
    }
},
{
    "model": "sessions.session",
    "pk": "pj3otxf9eby5894psiyemoxcbcrvba8q",
    "fields": {
        "session_data": "MjkxNTM3NzlmZjQ3YmQ1ZWZhMTRjOTE4NDY2NmExODU2MGIzZDQzNTp7Il9hdXRoX3VzZXJfaGFzaCI6IjM4MWM3OTNmNjdjNTA3NmNhYzg3MDcyNmEzZWNiZWE1MGZlMDgwMmYiLCJfYXV0aF91c2VyX2JhY2tlbmQiOiJkamFuZ28uY29udHJpYi5hdXRoLmJhY2tlbmRzLk1vZGVsQmFja2VuZCIsIl9hdXRoX3VzZXJfaWQiOiIxIn0=",
        "expire_date": "2017-11-29T23:06:37.816Z"
    }
},
{
    "model": "sessions.session",
    "pk": "rjkwtcs3pit13yuwsfh4ss0yzu1p4648",
    "fields": {
        "session_data": "MjkxNTM3NzlmZjQ3YmQ1ZWZhMTRjOTE4NDY2NmExODU2MGIzZDQzNTp7Il9hdXRoX3VzZXJfaGFzaCI6IjM4MWM3OTNmNjdjNTA3NmNhYzg3MDcyNmEzZWNiZWE1MGZlMDgwMmYiLCJfYXV0aF91c2VyX2JhY2tlbmQiOiJkamFuZ28uY29udHJpYi5hdXRoLmJhY2tlbmRzLk1vZGVsQmFja2VuZCIsIl9hdXRoX3VzZXJfaWQiOiIxIn0=",
        "expire_date": "2017-11-30T17:02:17.136Z"
    }
},
{
    "model": "sessions.session",
    "pk": "vae77383gfzznm0iwxbdacfgoye2n4yp",
    "fields": {
        "session_data": "MjkxNTM3NzlmZjQ3YmQ1ZWZhMTRjOTE4NDY2NmExODU2MGIzZDQzNTp7Il9hdXRoX3VzZXJfaGFzaCI6IjM4MWM3OTNmNjdjNTA3NmNhYzg3MDcyNmEzZWNiZWE1MGZlMDgwMmYiLCJfYXV0aF91c2VyX2JhY2tlbmQiOiJkamFuZ28uY29udHJpYi5hdXRoLmJhY2tlbmRzLk1vZGVsQmFja2VuZCIsIl9hdXRoX3VzZXJfaWQiOiIxIn0=",
        "expire_date": "2017-11-30T00:40:14.633Z"
    }
},
{
    "model": "sessions.session",
    "pk": "xf6efem263h1j37c2pptuj1xtncnecdr",
    "fields": {
        "session_data": "MjkxNTM3NzlmZjQ3YmQ1ZWZhMTRjOTE4NDY2NmExODU2MGIzZDQzNTp7Il9hdXRoX3VzZXJfaGFzaCI6IjM4MWM3OTNmNjdjNTA3NmNhYzg3MDcyNmEzZWNiZWE1MGZlMDgwMmYiLCJfYXV0aF91c2VyX2JhY2tlbmQiOiJkamFuZ28uY29udHJpYi5hdXRoLmJhY2tlbmRzLk1vZGVsQmFja2VuZCIsIl9hdXRoX3VzZXJfaWQiOiIxIn0=",
        "expire_date": "2017-12-05T23:49:04.152Z"
    }
},
{
    "model": "sessions.session",
    "pk": "z1yzy70m4wx8xd3svmnm59ud4zt5rcpw",
    "fields": {
        "session_data": "NzExM2I0MzM4OTEwNmIyNTYzN2YwZDk0NDU2ZWVjMjkxMTY5NTM1OTp7Il9hdXRoX3VzZXJfaGFzaCI6ImE5MmZjYTdmY2IxM2EyZmRkN2Y2MmZiYzQzNmYzYTBiODA0NTEwMGMiLCJfYXV0aF91c2VyX2JhY2tlbmQiOiJhY2NvdW50cy5iYWNrZW5kcy5FbWFpbEF1dGgiLCJfYXV0aF91c2VyX2lkIjoiMTMifQ==",
        "expire_date": "2017-11-30T00:30:21.749Z"
    }
},
{
    "model": "sessions.session",
    "pk": "zfr8m7rl9a01x36m3d2ika6qonnl0d7l",
    "fields": {
        "session_data": "MjkxNTM3NzlmZjQ3YmQ1ZWZhMTRjOTE4NDY2NmExODU2MGIzZDQzNTp7Il9hdXRoX3VzZXJfaGFzaCI6IjM4MWM3OTNmNjdjNTA3NmNhYzg3MDcyNmEzZWNiZWE1MGZlMDgwMmYiLCJfYXV0aF91c2VyX2JhY2tlbmQiOiJkamFuZ28uY29udHJpYi5hdXRoLmJhY2tlbmRzLk1vZGVsQmFja2VuZCIsIl9hdXRoX3VzZXJfaWQiOiIxIn0=",
        "expire_date": "2017-12-20T22:40:56.827Z"
    }
},
{
    "model": "accounts.user",
    "pk": 1,
    "fields": {
        "password": "pbkdf2_sha256$36000$d9sQGp3eJYkD$4zrd9Yu2s+yuMHR6ZQvEqfYFGO89RnqlPiXZ5JSOzWk=",
        "last_login": "2017-12-08T14:08:03.854Z",
        "is_superuser": true,
        "username": "admin@email.com",
        "first_name": "",
        "last_name": "",
        "email": "admin@email.com",
        "is_staff": true,
        "is_active": true,
        "date_joined": "2017-11-15T13:58:44.558Z",
        "stripe_id": "",
        "groups": [],
        "user_permissions": []
    }
},
{
    "model": "accounts.user",
    "pk": 47,
    "fields": {
        "password": "pbkdf2_sha256$36000$mPmTWzKrdnYQ$l06qWXRX+M/mUPtsVtT2bwMjgnfUOTWFJfR6911mS20=",
        "last_login": "2017-12-08T14:23:26.865Z",
        "is_superuser": false,
        "username": "2@2.com",
        "first_name": "",
        "last_name": "",
        "email": "2@2.com",
        "is_staff": false,
        "is_active": true,
        "date_joined": "2017-12-08T14:23:25.174Z",
        "stripe_id": "",
        "groups": [],
        "user_permissions": []
    }
},
{
    "model": "accounts.user",
    "pk": 48,
    "fields": {
        "password": "pbkdf2_sha256$36000$3KO8Gtm3c0QC$3IdR5hgFKaUyAIASkpy7z6xB9tB3TLJN4EFmIrQ7JPk=",
        "last_login": "2017-12-08T14:24:09.126Z",
        "is_superuser": false,
        "username": "3@3.com",
        "first_name": "",
        "last_name": "",
        "email": "3@3.com",
        "is_staff": false,
        "is_active": true,
        "date_joined": "2017-12-08T14:24:07.501Z",
        "stripe_id": "",
        "groups": [],
        "user_permissions": []
    }
},
{
    "model": "accounts.user",
    "pk": 49,
    "fields": {
        "password": "pbkdf2_sha256$36000$AvjzcwJCnxcP$GGqfokeyzj6MdJ/lBhtEcB5ityqfg+gKhOVMegUs3Q8=",
        "last_login": "2017-12-08T14:24:43.825Z",
        "is_superuser": false,
        "username": "4@4.com",
        "first_name": "",
        "last_name": "",
        "email": "4@4.com",
        "is_staff": false,
        "is_active": true,
        "date_joined": "2017-12-08T14:24:42.587Z",
        "stripe_id": "",
        "groups": [],
        "user_permissions": []
    }
},
{
    "model": "companies.company",
    "pk": 47,
    "fields": {
        "locationx": 7948,
        "locationy": 5763,
        "locationz": 1679,
        "money": 10000,
        "name": "The Mortiest Morty's",
        "description": "Only The Mortiest",
        "image": "images/morty_2c6Bjuy.jpg",
        "planets": "CN",
        "last_checked": "2017-12-08T14:23:42.763Z"
    }
},
{
    "model": "companies.company",
    "pk": 48,
    "fields": {
        "locationx": 6199,
        "locationy": 6107,
        "locationz": 6267,
        "money": 10000,
        "name": "The Rickest Ricks",
        "description": "WUBALUBBADUBDUB!",
        "image": "images/rick.jpg",
        "planets": "DS",
        "last_checked": "2017-12-08T14:24:27.064Z"
    }
},
{
    "model": "companies.company",
    "pk": 49,
    "fields": {
        "locationx": 4454,
        "locationy": 1220,
        "locationz": 2018,
        "money": 10000,
        "name": "Planet Express",
        "description": "Bender Bending Rodriguez!",
        "image": "images/Bender_Rodriguez.png",
        "planets": "TR",
        "last_checked": "2017-12-08T14:25:20.910Z"
    }
},
{
    "model": "companies.companystorage",
    "pk": 611,
    "fields": {
        "company": 47,
        "element": 1,
        "amount": 6,
        "price": 189
    }
},
{
    "model": "companies.companystorage",
    "pk": 612,
    "fields": {
        "company": 47,
        "element": 2,
        "amount": 10,
        "price": 171
    }
},
{
    "model": "companies.companystorage",
    "pk": 613,
    "fields": {
        "company": 47,
        "element": 3,
        "amount": 31,
        "price": 77
    }
},
{
    "model": "companies.companystorage",
    "pk": 614,
    "fields": {
        "company": 47,
        "element": 4,
        "amount": 50,
        "price": 65
    }
},
{
    "model": "companies.companystorage",
    "pk": 615,
    "fields": {
        "company": 47,
        "element": 5,
        "amount": 15,
        "price": 140
    }
},
{
    "model": "companies.companystorage",
    "pk": 616,
    "fields": {
        "company": 47,
        "element": 6,
        "amount": 15,
        "price": 174
    }
},
{
    "model": "companies.companystorage",
    "pk": 617,
    "fields": {
        "company": 47,
        "element": 7,
        "amount": 27,
        "price": 151
    }
},
{
    "model": "companies.companystorage",
    "pk": 618,
    "fields": {
        "company": 47,
        "element": 8,
        "amount": 33,
        "price": 77
    }
},
{
    "model": "companies.companystorage",
    "pk": 619,
    "fields": {
        "company": 47,
        "element": 9,
        "amount": 10,
        "price": 102
    }
},
{
    "model": "companies.companystorage",
    "pk": 620,
    "fields": {
        "company": 47,
        "element": 10,
        "amount": 8,
        "price": 75
    }
},
{
    "model": "companies.companystorage",
    "pk": 621,
    "fields": {
        "company": 47,
        "element": 11,
        "amount": 22,
        "price": 163
    }
},
{
    "model": "companies.companystorage",
    "pk": 622,
    "fields": {
        "company": 47,
        "element": 12,
        "amount": 21,
        "price": 146
    }
},
{
    "model": "companies.companystorage",
    "pk": 623,
    "fields": {
        "company": 47,
        "element": 13,
        "amount": 1,
        "price": 51
    }
},
{
    "model": "companies.companystorage",
    "pk": 624,
    "fields": {
        "company": 47,
        "element": 14,
        "amount": 3,
        "price": 142
    }
},
{
    "model": "companies.companystorage",
    "pk": 625,
    "fields": {
        "company": 47,
        "element": 15,
        "amount": 27,
        "price": 182
    }
},
{
    "model": "companies.companystorage",
    "pk": 626,
    "fields": {
        "company": 47,
        "element": 16,
        "amount": 2,
        "price": 103
    }
},
{
    "model": "companies.companystorage",
    "pk": 627,
    "fields": {
        "company": 47,
        "element": 17,
        "amount": 48,
        "price": 103
    }
},
{
    "model": "companies.companystorage",
    "pk": 628,
    "fields": {
        "company": 47,
        "element": 18,
        "amount": 48,
        "price": 123
    }
},
{
    "model": "companies.companystorage",
    "pk": 629,
    "fields": {
        "company": 47,
        "element": 19,
        "amount": 8,
        "price": 137
    }
},
{
    "model": "companies.companystorage",
    "pk": 630,
    "fields": {
        "company": 47,
        "element": 20,
        "amount": 48,
        "price": 177
    }
},
{
    "model": "companies.companystorage",
    "pk": 631,
    "fields": {
        "company": 48,
        "element": 1,
        "amount": 14,
        "price": 175
    }
},
{
    "model": "companies.companystorage",
    "pk": 632,
    "fields": {
        "company": 48,
        "element": 2,
        "amount": 15,
        "price": 177
    }
},
{
    "model": "companies.companystorage",
    "pk": 633,
    "fields": {
        "company": 48,
        "element": 3,
        "amount": 3,
        "price": 191
    }
},
{
    "model": "companies.companystorage",
    "pk": 634,
    "fields": {
        "company": 48,
        "element": 4,
        "amount": 27,
        "price": 163
    }
},
{
    "model": "companies.companystorage",
    "pk": 635,
    "fields": {
        "company": 48,
        "element": 5,
        "amount": 12,
        "price": 187
    }
},
{
    "model": "companies.companystorage",
    "pk": 636,
    "fields": {
        "company": 48,
        "element": 6,
        "amount": 6,
        "price": 117
    }
},
{
    "model": "companies.companystorage",
    "pk": 637,
    "fields": {
        "company": 48,
        "element": 7,
        "amount": 5,
        "price": 134
    }
},
{
    "model": "companies.companystorage",
    "pk": 638,
    "fields": {
        "company": 48,
        "element": 8,
        "amount": 40,
        "price": 192
    }
},
{
    "model": "companies.companystorage",
    "pk": 639,
    "fields": {
        "company": 48,
        "element": 9,
        "amount": 17,
        "price": 177
    }
},
{
    "model": "companies.companystorage",
    "pk": 640,
    "fields": {
        "company": 48,
        "element": 10,
        "amount": 35,
        "price": 193
    }
},
{
    "model": "companies.companystorage",
    "pk": 641,
    "fields": {
        "company": 48,
        "element": 11,
        "amount": 32,
        "price": 161
    }
},
{
    "model": "companies.companystorage",
    "pk": 642,
    "fields": {
        "company": 48,
        "element": 12,
        "amount": 43,
        "price": 199
    }
},
{
    "model": "companies.companystorage",
    "pk": 643,
    "fields": {
        "company": 48,
        "element": 13,
        "amount": 46,
        "price": 193
    }
},
{
    "model": "companies.companystorage",
    "pk": 644,
    "fields": {
        "company": 48,
        "element": 14,
        "amount": 48,
        "price": 53
    }
},
{
    "model": "companies.companystorage",
    "pk": 645,
    "fields": {
        "company": 48,
        "element": 15,
        "amount": 22,
        "price": 83
    }
},
{
    "model": "companies.companystorage",
    "pk": 646,
    "fields": {
        "company": 48,
        "element": 16,
        "amount": 28,
        "price": 121
    }
},
{
    "model": "companies.companystorage",
    "pk": 647,
    "fields": {
        "company": 48,
        "element": 17,
        "amount": 20,
        "price": 183
    }
},
{
    "model": "companies.companystorage",
    "pk": 648,
    "fields": {
        "company": 48,
        "element": 18,
        "amount": 47,
        "price": 134
    }
},
{
    "model": "companies.companystorage",
    "pk": 649,
    "fields": {
        "company": 48,
        "element": 19,
        "amount": 27,
        "price": 145
    }
},
{
    "model": "companies.companystorage",
    "pk": 650,
    "fields": {
        "company": 48,
        "element": 20,
        "amount": 16,
        "price": 101
    }
},
{
    "model": "companies.companystorage",
    "pk": 651,
    "fields": {
        "company": 49,
        "element": 1,
        "amount": 1,
        "price": 98
    }
},
{
    "model": "companies.companystorage",
    "pk": 652,
    "fields": {
        "company": 49,
        "element": 2,
        "amount": 48,
        "price": 55
    }
},
{
    "model": "companies.companystorage",
    "pk": 653,
    "fields": {
        "company": 49,
        "element": 3,
        "amount": 25,
        "price": 75
    }
},
{
    "model": "companies.companystorage",
    "pk": 654,
    "fields": {
        "company": 49,
        "element": 4,
        "amount": 33,
        "price": 119
    }
},
{
    "model": "companies.companystorage",
    "pk": 655,
    "fields": {
        "company": 49,
        "element": 5,
        "amount": 12,
        "price": 158
    }
},
{
    "model": "companies.companystorage",
    "pk": 656,
    "fields": {
        "company": 49,
        "element": 6,
        "amount": 21,
        "price": 119
    }
},
{
    "model": "companies.companystorage",
    "pk": 657,
    "fields": {
        "company": 49,
        "element": 7,
        "amount": 17,
        "price": 115
    }
},
{
    "model": "companies.companystorage",
    "pk": 658,
    "fields": {
        "company": 49,
        "element": 8,
        "amount": 2,
        "price": 198
    }
},
{
    "model": "companies.companystorage",
    "pk": 659,
    "fields": {
        "company": 49,
        "element": 9,
        "amount": 39,
        "price": 75
    }
},
{
    "model": "companies.companystorage",
    "pk": 660,
    "fields": {
        "company": 49,
        "element": 10,
        "amount": 49,
        "price": 81
    }
},
{
    "model": "companies.companystorage",
    "pk": 661,
    "fields": {
        "company": 49,
        "element": 11,
        "amount": 46,
        "price": 116
    }
},
{
    "model": "companies.companystorage",
    "pk": 662,
    "fields": {
        "company": 49,
        "element": 12,
        "amount": 25,
        "price": 65
    }
},
{
    "model": "companies.companystorage",
    "pk": 663,
    "fields": {
        "company": 49,
        "element": 13,
        "amount": 3,
        "price": 85
    }
},
{
    "model": "companies.companystorage",
    "pk": 664,
    "fields": {
        "company": 49,
        "element": 14,
        "amount": 26,
        "price": 152
    }
},
{
    "model": "companies.companystorage",
    "pk": 665,
    "fields": {
        "company": 49,
        "element": 15,
        "amount": 26,
        "price": 104
    }
},
{
    "model": "companies.companystorage",
    "pk": 666,
    "fields": {
        "company": 49,
        "element": 16,
        "amount": 45,
        "price": 85
    }
},
{
    "model": "companies.companystorage",
    "pk": 667,
    "fields": {
        "company": 49,
        "element": 17,
        "amount": 9,
        "price": 152
    }
},
{
    "model": "companies.companystorage",
    "pk": 668,
    "fields": {
        "company": 49,
        "element": 18,
        "amount": 17,
        "price": 121
    }
},
{
    "model": "companies.companystorage",
    "pk": 669,
    "fields": {
        "company": 49,
        "element": 19,
        "amount": 11,
        "price": 171
    }
},
{
    "model": "companies.companystorage",
    "pk": 670,
    "fields": {
        "company": 49,
        "element": 20,
        "amount": 20,
        "price": 167
    }
},
{
    "model": "companies.ownership",
    "pk": 43,
    "fields": {
        "owner": 47,
        "ship": 1,
        "amount": 1,
        "in_use": 0
    }
},
{
    "model": "companies.ownership",
    "pk": 44,
    "fields": {
        "owner": 48,
        "ship": 1,
        "amount": 1,
        "in_use": 0
    }
},
{
    "model": "companies.ownership",
    "pk": 45,
    "fields": {
        "owner": 49,
        "ship": 1,
        "amount": 1,
        "in_use": 0
    }
},
{
    "model": "companies.mineownership",
    "pk": 28,
    "fields": {
        "owner": 47,
        "mine": 2,
        "element": 7,
        "amount": 1,
        "upgrade": null
    }
},
{
    "model": "companies.mineownership",
    "pk": 29,
    "fields": {
        "owner": 48,
        "mine": 2,
        "element": 16,
        "amount": 1,
        "upgrade": null
    }
},
{
    "model": "companies.mineownership",
    "pk": 30,
    "fields": {
        "owner": 49,
        "mine": 2,
        "element": 1,
        "amount": 1,
        "upgrade": null
    }
},
{
    "model": "elements.element",
    "pk": 1,
    "fields": {
        "name": "Zorkium",
        "tag": "Zo",
        "weight": 13.36,
        "color": "233,107,127",
        "rarity": 10
    }
},
{
    "model": "elements.element",
    "pk": 2,
    "fields": {
        "name": "Glorpidium",
        "tag": "Gl",
        "weight": 563.235,
        "color": "233,107,162",
        "rarity": 8
    }
},
{
    "model": "elements.element",
    "pk": 3,
    "fields": {
        "name": "Asimovium",
        "tag": "A",
        "weight": 32.173,
        "color": "233,107,203",
        "rarity": 7
    }
},
{
    "model": "elements.element",
    "pk": 4,
    "fields": {
        "name": "Mortonium",
        "tag": "Mo",
        "weight": 79.342,
        "color": "223,107,233",
        "rarity": 6
    }
},
{
    "model": "elements.element",
    "pk": 5,
    "fields": {
        "name": "Gorkite",
        "tag": "Go",
        "weight": 93.8545,
        "color": "188,107,233",
        "rarity": 9
    }
},
{
    "model": "elements.element",
    "pk": 6,
    "fields": {
        "name": "Xanonite",
        "tag": "Xa",
        "weight": 42.548,
        "color": "152,107,233",
        "rarity": 5
    }
},
{
    "model": "elements.element",
    "pk": 7,
    "fields": {
        "name": "Ubikite",
        "tag": "U",
        "weight": 23.253,
        "color": "117,107,233",
        "rarity": 1
    }
},
{
    "model": "elements.element",
    "pk": 8,
    "fields": {
        "name": "Gorp",
        "tag": "G",
        "weight": 54.272,
        "color": "107,132,233",
        "rarity": 2
    }
},
{
    "model": "elements.element",
    "pk": 9,
    "fields": {
        "name": "Qudite",
        "tag": "Qu",
        "weight": 85.362,
        "color": "107,178,233",
        "rarity": 3
    }
},
{
    "model": "elements.element",
    "pk": 10,
    "fields": {
        "name": "Omide",
        "tag": "O",
        "weight": 27.8458,
        "color": "107,203,233",
        "rarity": 4
    }
},
{
    "model": "elements.element",
    "pk": 11,
    "fields": {
        "name": "Mooride",
        "tag": "M",
        "weight": 64.474,
        "color": "107,233,218",
        "rarity": 8
    }
},
{
    "model": "elements.element",
    "pk": 12,
    "fields": {
        "name": "Zoidium",
        "tag": "Z",
        "weight": 47.4483,
        "color": "107,233,173",
        "rarity": 2
    }
},
{
    "model": "elements.element",
    "pk": 13,
    "fields": {
        "name": "HALite",
        "tag": "Hl",
        "weight": 95.438,
        "color": "107,233,127",
        "rarity": 10
    }
},
{
    "model": "elements.element",
    "pk": 14,
    "fields": {
        "name": "Borxygen",
        "tag": "Bo",
        "weight": 324.2515,
        "color": "137,233,107",
        "rarity": 4
    }
},
{
    "model": "elements.element",
    "pk": 15,
    "fields": {
        "name": "Korbite",
        "tag": "Ko",
        "weight": 125.1245,
        "color": "198,233,107",
        "rarity": 7
    }
},
{
    "model": "elements.element",
    "pk": 16,
    "fields": {
        "name": "Leelonium",
        "tag": "L",
        "weight": 52.6236,
        "color": "228,233,107",
        "rarity": 1
    }
},
{
    "model": "elements.element",
    "pk": 17,
    "fields": {
        "name": "Riplite",
        "tag": "Ri",
        "weight": 98.48548,
        "color": "233,208,107",
        "rarity": 3
    }
},
{
    "model": "elements.element",
    "pk": 18,
    "fields": {
        "name": "Farnsworthium",
        "tag": "Fw",
        "weight": 87.263,
        "color": "233,162,107",
        "rarity": 5
    }
},
{
    "model": "elements.element",
    "pk": 19,
    "fields": {
        "name": "Valis",
        "tag": "Valis",
        "weight": 156.372,
        "color": "233,142,107",
        "rarity": 6
    }
},
{
    "model": "elements.element",
    "pk": 20,
    "fields": {
        "name": "Gertyine",
        "tag": "Gy",
        "weight": 176.236,
        "color": "233,107,107",
        "rarity": 9
    }
},
{
    "model": "ships.spaceship",
    "pk": 1,
    "fields": {
        "manufacturer": "ZS",
        "ship": "Cargo-Glork",
        "description": "The Cargo-Glork is seen all around the system and is probably the most common small freighter, it's two front compartments capable of moving 100z in one trip. It makes up for in speed what it lacks in transport capacity.",
        "speed": 8,
        "price": 4500,
        "cargo_space": 100,
        "image": "images/ship4.jpg",
        "real_price": 0
    }
},
{
    "model": "ships.spaceship",
    "pk": 2,
    "fields": {
        "manufacturer": "CL",
        "ship": "Clarke Labs Odyssey",
        "description": "The Hauler is a well known large capacity craft, expensive but capable of holding more than most vessels at the same price.",
        "speed": 2,
        "price": 1000000,
        "cargo_space": 5000,
        "image": "images/ship.jpg",
        "real_price": 0
    }
},
{
    "model": "ships.spaceship",
    "pk": 3,
    "fields": {
        "manufacturer": "CL",
        "ship": "Shard Vx313",
        "description": "The shard is capable of moving large amounts of cargo very quickly, but is mainly used as a luxury transport craft to take wealthy galactic tourist's to the far reaches of space.",
        "speed": 4,
        "price": 700000,
        "cargo_space": 3000,
        "image": "images/ship5.jpg",
        "real_price": 0
    }
},
{
    "model": "ships.spaceship",
    "pk": 4,
    "fields": {
        "manufacturer": "F",
        "ship": "Daneel-R",
        "description": "Featuring the first Humanoid A.I interface system, in the Daneel-R, this ship will fly itself without a crew and keep the passengers entertained on route.",
        "speed": 5,
        "price": 900000,
        "cargo_space": 5000,
        "image": "images/Daneel-R.jpg",
        "real_price": 0
    }
},
{
    "model": "ships.spaceship",
    "pk": 5,
    "fields": {
        "manufacturer": "F",
        "ship": "Mosquito",
        "description": "The smallest, fastest ship that carry just enough to keep it working as trade vessel. Favoured by many of  the speed junkie pilots taking necessary materials to distant outpost's, the mosquito has to be careful around worlds surrounded by debris, its body isn't designed for difficult surface landings, and even the speed freaks prefer to touchdown at an orbital station.",
        "speed": 30,
        "price": 10000,
        "cargo_space": 50,
        "image": "images/ship10.jpg",
        "real_price": 0
    }
},
{
    "model": "ships.spaceship",
    "pk": 6,
    "fields": {
        "manufacturer": "F",
        "ship": "Lance",
        "description": "The Lance is the predecessor to the Daneel-R,  capable of mving much faster due to it's lighter design but with almost as much space. Its so widely used you can find the Lance anywhere from Zorg bleta VII to the outer bubble.",
        "speed": 10,
        "price": 450000,
        "cargo_space": 2000,
        "image": "images/ship9.jpg",
        "real_price": 0
    }
},
{
    "model": "ships.spaceship",
    "pk": 7,
    "fields": {
        "manufacturer": "CL",
        "ship": "Pebble",
        "description": "Clarke labs while often manufacturing larger vessels has recently revealed the pebble, their new small size trader, not the fastest small ship available it can carry plenty and as usual the design is robust and capable of planetary landings on all but the most hostile planets.",
        "speed": 6,
        "price": 12000,
        "cargo_space": 1000,
        "image": "images/ship7.jpg",
        "real_price": 0
    }
},
{
    "model": "ships.spaceship",
    "pk": 8,
    "fields": {
        "manufacturer": "CL",
        "ship": "Glork Hauler",
        "description": "The glork hauler is a huge ship, unlike their smaller counterparts, they are not fast, but they are cheap and they move mountains.",
        "speed": 3,
        "price": 200000,
        "cargo_space": 6000,
        "image": "images/ship8.jpg",
        "real_price": 0
    }
},
{
    "model": "ships.spaceship",
    "pk": 9,
    "fields": {
        "manufacturer": "ZS",
        "ship": "Glork Titan",
        "description": "The Glork Titan is one of the largest ships around, still relatively cheap thanks to Zorg shipyards excellent sourcing of materials, it's a world feeder, and can change the economy of a planet with one drop-off.",
        "speed": 3,
        "price": 800000,
        "cargo_space": 15000,
        "image": "images/ship11.jpg",
        "real_price": 0
    }
},
{
    "model": "mining.upgrade",
    "pk": 1,
    "fields": {
        "name": "Zumblox Ore Hounds",
        "price": 16000,
        "production_increase": 2,
        "random_find_chance": 10,
        "random_find_increase": 3,
        "desc": "Zumblox Ore Hounds can search the vast areas around the mining grounds, and find new places for the drills to bed down. Gives you a small increase in production and a good chance to randomly find extra minerals every time you check.",
        "image": "images/orehound.jpg"
    }
},
{
    "model": "mining.upgrade",
    "pk": 2,
    "fields": {
        "name": "Enhanced Ion Dismantler",
        "price": 55000,
        "production_increase": 10,
        "random_find_chance": 1,
        "random_find_increase": 3,
        "desc": "The Ion Dismantler will add a huge increase to your mines regular input and have a small chance of randomly finding extra ore next time you check.",
        "image": "images/enhancedion.jpg"
    }
},
{
    "model": "mining.upgrade",
    "pk": 3,
    "fields": {
        "name": "Improved Transport",
        "price": 25000,
        "production_increase": 4,
        "random_find_chance": 0,
        "random_find_increase": 0,
        "desc": "By improving the flow of existing materials and much needed equipment you can increase the production of this mine a fair amount.",
        "image": "images/transport.jpg"
    }
},
{
    "model": "mining.mine",
    "pk": 2,
    "fields": {
        "mine_size": "Tiny",
        "price": 30000,
        "real_price": 0,
        "production": 10,
        "mine_size_mod": 1,
        "level": "ME",
        "image": "images/small_mine.jpg"
    }
},
{
    "model": "mining.mine",
    "pk": 3,
    "fields": {
        "mine_size": "Medium",
        "price": 70000,
        "real_price": 0,
        "production": 25,
        "mine_size_mod": 1,
        "level": "MD",
        "image": "images/mining_facility.jpg"
    }
},
{
    "model": "mining.mine",
    "pk": 4,
    "fields": {
        "mine_size": "Huge",
        "price": 120000,
        "real_price": 0,
        "production": 100,
        "mine_size_mod": 1,
        "level": "MI",
        "image": "images/mine3.jpg"
    }
},
{
    "model": "marketplace.story",
    "pk": 1,
    "fields": {
        "headline": "Hitch-hiked",
        "article": "A group of miscreant intergalactic hitch-hikers were picked up today around zorkblog delta VII, with a highly illegal alien, a last surviving species of earth, which was located near that great new GunkBlerg highway \"If its not GunkBlerg it's not destroying an entire planet!\". They also found a severely malfunctioning android, who forced several members of the retrieval team to resign unexpectedly mid-mission. They reportedly went home early, and had a good think about what life really was anyway.",
        "image": "images/story1.jpg"
    }
},
{
    "model": "marketplace.story",
    "pk": 2,
    "fields": {
        "headline": "Zog's Decree",
        "article": "Emporer Zog has yet again laid down an invaluable life lesson to we lesser beings. He has decreed the Spinning Brimblefolk of Whimsle VII to be complete idiots, and their stock has dropped dramatically, sending nearby planets into economic meltdown, we have to grovel to almighty emporer zog for his wisdom-ly wiseness.",
        "image": "images/ZOG.png"
    }
},
{
    "model": "planets.planettype",
    "pk": 1,
    "fields": {
        "name": "Continental",
        "description": "Continental worlds are the most sought after worlds and have high populations.",
        "image": "images/continental.jpg"
    }
},
{
    "model": "planets.planettype",
    "pk": 2,
    "fields": {
        "name": "Desert",
        "description": "Desert worlds are dry",
        "image": "images/desert.png"
    }
},
{
    "model": "planets.planettype",
    "pk": 3,
    "fields": {
        "name": "Arctic",
        "description": "Arctic worlds are cold!",
        "image": "images/tundra.jpg"
    }
},
{
    "model": "planets.planettype",
    "pk": 4,
    "fields": {
        "name": "Oceanic",
        "description": "My feet are wet.",
        "image": "images/oceanic.jpg"
    }
},
{
    "model": "planets.planettype",
    "pk": 5,
    "fields": {
        "name": "Tropical",
        "description": "The fruit is great here.",
        "image": "images/tropical.jpg"
    }
},
{
    "model": "planets.planet",
    "pk": 36,
    "fields": {
        "name": "Zarkoglorpegrub Alpha",
        "planet_type": 5,
        "locationx": 4083,
        "locationy": 5599,
        "locationz": 2766,
        "last_checked": "2017-11-29T21:28:10.362Z"
    }
},
{
    "model": "planets.planet",
    "pk": 37,
    "fields": {
        "name": "Marpoblorgazurk Zeta",
        "planet_type": 1,
        "locationx": 8778,
        "locationy": 444,
        "locationz": 8214,
        "last_checked": "2017-11-29T21:28:10.362Z"
    }
},
{
    "model": "planets.planet",
    "pk": 38,
    "fields": {
        "name": "Gorpborkza Rho",
        "planet_type": 3,
        "locationx": 7494,
        "locationy": 1783,
        "locationz": 448,
        "last_checked": "2017-11-29T21:28:10.362Z"
    }
},
{
    "model": "planets.planet",
    "pk": 39,
    "fields": {
        "name": "Blorgi Zeta",
        "planet_type": 1,
        "locationx": 176,
        "locationy": 8639,
        "locationz": 8478,
        "last_checked": "2017-11-29T21:28:10.362Z"
    }
},
{
    "model": "planets.planet",
    "pk": 40,
    "fields": {
        "name": "Zorbgu Kappa",
        "planet_type": 5,
        "locationx": 8544,
        "locationy": 9616,
        "locationz": 456,
        "last_checked": "2017-11-29T21:28:10.362Z"
    }
},
{
    "model": "planets.planet",
    "pk": 41,
    "fields": {
        "name": "Blarb Sigma",
        "planet_type": 5,
        "locationx": 4716,
        "locationy": 9860,
        "locationz": 5649,
        "last_checked": "2017-11-29T21:28:10.362Z"
    }
},
{
    "model": "planets.planet",
    "pk": 42,
    "fields": {
        "name": "Furbzurka San",
        "planet_type": 1,
        "locationx": 2909,
        "locationy": 8212,
        "locationz": 503,
        "last_checked": "2017-11-29T21:28:10.362Z"
    }
},
{
    "model": "planets.planet",
    "pk": 43,
    "fields": {
        "name": "Zurkzorkub Upsilon",
        "planet_type": 4,
        "locationx": 8653,
        "locationy": 3788,
        "locationz": 6562,
        "last_checked": "2017-11-29T21:28:10.362Z"
    }
},
{
    "model": "planets.planet",
    "pk": 44,
    "fields": {
        "name": "Zurkobvorp Zeta",
        "planet_type": 5,
        "locationx": 8555,
        "locationy": 6164,
        "locationz": 3935,
        "last_checked": "2017-11-29T21:28:10.362Z"
    }
},
{
    "model": "planets.planet",
    "pk": 45,
    "fields": {
        "name": "Frob Alpha",
        "planet_type": 3,
        "locationx": 2586,
        "locationy": 1046,
        "locationz": 7937,
        "last_checked": "2017-11-29T21:28:10.362Z"
    }
},
{
    "model": "planets.planet",
    "pk": 46,
    "fields": {
        "name": "Blargfrobibrub Beta",
        "planet_type": 2,
        "locationx": 4481,
        "locationy": 6287,
        "locationz": 5106,
        "last_checked": "2017-11-29T21:28:10.362Z"
    }
},
{
    "model": "planets.planet",
    "pk": 47,
    "fields": {
        "name": "Gurp Gamma",
        "planet_type": 5,
        "locationx": 5122,
        "locationy": 8454,
        "locationz": 131,
        "last_checked": "2017-11-29T21:28:10.362Z"
    }
},
{
    "model": "planets.planet",
    "pk": 48,
    "fields": {
        "name": "Zaphi Lambda",
        "planet_type": 3,
        "locationx": 9025,
        "locationy": 9110,
        "locationz": 5576,
        "last_checked": "2017-11-29T21:28:10.362Z"
    }
},
{
    "model": "planets.planet",
    "pk": 49,
    "fields": {
        "name": "Mimnurpe Beta",
        "planet_type": 3,
        "locationx": 6900,
        "locationy": 6985,
        "locationz": 9087,
        "last_checked": "2017-11-29T21:28:10.362Z"
    }
},
{
    "model": "planets.planet",
    "pk": 50,
    "fields": {
        "name": "Zurko Sigma",
        "planet_type": 4,
        "locationx": 7557,
        "locationy": 4148,
        "locationz": 6559,
        "last_checked": "2017-11-29T21:28:10.362Z"
    }
},
{
    "model": "planets.planet",
    "pk": 51,
    "fields": {
        "name": "Mimazaphmarpagrox Lambda",
        "planet_type": 4,
        "locationx": 6802,
        "locationy": 9339,
        "locationz": 8417,
        "last_checked": "2017-11-29T21:28:10.362Z"
    }
},
{
    "model": "planets.planet",
    "pk": 52,
    "fields": {
        "name": "Lorpzorko San",
        "planet_type": 1,
        "locationx": 2133,
        "locationy": 2300,
        "locationz": 9166,
        "last_checked": "2017-11-29T21:28:10.362Z"
    }
},
{
    "model": "planets.planet",
    "pk": 53,
    "fields": {
        "name": "Glorpid Zeta",
        "planet_type": 1,
        "locationx": 9146,
        "locationy": 6773,
        "locationz": 4628,
        "last_checked": "2017-11-29T21:28:10.362Z"
    }
},
{
    "model": "planets.planet",
    "pk": 54,
    "fields": {
        "name": "Blarb Omicron",
        "planet_type": 3,
        "locationx": 8332,
        "locationy": 1854,
        "locationz": 8751,
        "last_checked": "2017-11-29T21:28:10.362Z"
    }
},
{
    "model": "planets.planet",
    "pk": 55,
    "fields": {
        "name": "Blorp Upsilon",
        "planet_type": 1,
        "locationx": 6208,
        "locationy": 3803,
        "locationz": 9363,
        "last_checked": "2017-11-29T21:28:10.362Z"
    }
},
{
    "model": "planets.planet",
    "pk": 56,
    "fields": {
        "name": "Blarbblarggu Kappa",
        "planet_type": 5,
        "locationx": 3023,
        "locationy": 4013,
        "locationz": 5084,
        "last_checked": "2017-12-04T17:19:03.531Z"
    }
},
{
    "model": "planets.planet",
    "pk": 57,
    "fields": {
        "name": "Gurp Delta",
        "planet_type": 3,
        "locationx": 9629,
        "locationy": 5028,
        "locationz": 8560,
        "last_checked": "2017-12-04T17:19:03.598Z"
    }
},
{
    "model": "planets.planet",
    "pk": 58,
    "fields": {
        "name": "Vorp Delta",
        "planet_type": 4,
        "locationx": 5521,
        "locationy": 4191,
        "locationz": 2377,
        "last_checked": "2017-12-04T17:44:42.790Z"
    }
},
{
    "model": "planets.planet",
    "pk": 59,
    "fields": {
        "name": "Glorpibogid Omicron",
        "planet_type": 3,
        "locationx": 669,
        "locationy": 565,
        "locationz": 5609,
        "last_checked": "2017-12-04T17:45:55.436Z"
    }
},
{
    "model": "planets.planet",
    "pk": 60,
    "fields": {
        "name": "Furbgorp Xi",
        "planet_type": 1,
        "locationx": 9451,
        "locationy": 2849,
        "locationz": 7789,
        "last_checked": "2017-12-04T17:46:44.152Z"
    }
},
{
    "model": "planets.planet",
    "pk": 61,
    "fields": {
        "name": "Zaphblorgi Tau",
        "planet_type": 2,
        "locationx": 126,
        "locationy": 6306,
        "locationz": 7913,
        "last_checked": "2017-12-04T17:46:44.220Z"
    }
},
{
    "model": "planets.planet",
    "pk": 62,
    "fields": {
        "name": "Nurp Rho",
        "planet_type": 3,
        "locationx": 8201,
        "locationy": 3599,
        "locationz": 1206,
        "last_checked": "2017-12-04T17:46:44.288Z"
    }
},
{
    "model": "planets.planet",
    "pk": 63,
    "fields": {
        "name": "Zarke Gamma",
        "planet_type": 3,
        "locationx": 5281,
        "locationy": 3165,
        "locationz": 8539,
        "last_checked": "2017-12-04T17:48:11.030Z"
    }
},
{
    "model": "planets.planet",
    "pk": 64,
    "fields": {
        "name": "Norpezorb Delta",
        "planet_type": 1,
        "locationx": 3732,
        "locationy": 2926,
        "locationz": 4933,
        "last_checked": "2017-12-04T17:48:11.099Z"
    }
},
{
    "model": "planets.planet",
    "pk": 65,
    "fields": {
        "name": "Blorpe Zeta",
        "planet_type": 2,
        "locationx": 2861,
        "locationy": 891,
        "locationz": 4924,
        "last_checked": "2017-12-05T16:43:46.022Z"
    }
},
{
    "model": "planets.planet",
    "pk": 66,
    "fields": {
        "name": "Murp Gamma",
        "planet_type": 4,
        "locationx": 6858,
        "locationy": 62,
        "locationz": 9332,
        "last_checked": "2017-12-05T16:48:12.371Z"
    }
},
{
    "model": "planets.planet",
    "pk": 67,
    "fields": {
        "name": "Norpblargi Eta",
        "planet_type": 5,
        "locationx": 2812,
        "locationy": 9278,
        "locationz": 5444,
        "last_checked": "2017-12-05T16:48:12.435Z"
    }
},
{
    "model": "planets.planet",
    "pk": 68,
    "fields": {
        "name": "Nurpudbogob Epsilon",
        "planet_type": 2,
        "locationx": 9950,
        "locationy": 7291,
        "locationz": 1245,
        "last_checked": "2017-12-05T16:48:12.496Z"
    }
},
{
    "model": "planets.planet",
    "pk": 69,
    "fields": {
        "name": "Zorknorp Xi",
        "planet_type": 2,
        "locationx": 299,
        "locationy": 4555,
        "locationz": 2554,
        "last_checked": "2017-12-05T16:48:12.557Z"
    }
},
{
    "model": "planets.planet",
    "pk": 70,
    "fields": {
        "name": "Mima Beta",
        "planet_type": 1,
        "locationx": 9784,
        "locationy": 1628,
        "locationz": 8953,
        "last_checked": "2017-12-05T17:26:34.295Z"
    }
},
{
    "model": "planets.planet",
    "pk": 71,
    "fields": {
        "name": "Furb Tau",
        "planet_type": 4,
        "locationx": 3114,
        "locationy": 4468,
        "locationz": 616,
        "last_checked": "2017-12-05T17:26:34.358Z"
    }
},
{
    "model": "planets.planet",
    "pk": 72,
    "fields": {
        "name": "Bogazorbod Pi",
        "planet_type": 3,
        "locationx": 4181,
        "locationy": 3309,
        "locationz": 44,
        "last_checked": "2017-12-06T18:41:43.676Z"
    }
},
{
    "model": "planets.planet",
    "pk": 73,
    "fields": {
        "name": "Gurpob Kappa",
        "planet_type": 1,
        "locationx": 8244,
        "locationy": 1434,
        "locationz": 3614,
        "last_checked": "2017-12-06T18:41:43.740Z"
    }
},
{
    "model": "planets.planet",
    "pk": 74,
    "fields": {
        "name": "Norpozark Delta",
        "planet_type": 2,
        "locationx": 2574,
        "locationy": 6694,
        "locationz": 7893,
        "last_checked": "2017-12-08T14:23:43.009Z"
    }
},
{
    "model": "planets.planet",
    "pk": 75,
    "fields": {
        "name": "Blarbzo San",
        "planet_type": 2,
        "locationx": 2334,
        "locationy": 7155,
        "locationz": 9682,
        "last_checked": "2017-12-08T14:23:43.077Z"
    }
},
{
    "model": "planets.planet",
    "pk": 76,
    "fields": {
        "name": "Blorgi Pi",
        "planet_type": 4,
        "locationx": 8481,
        "locationy": 8197,
        "locationz": 3366,
        "last_checked": "2017-12-08T14:25:21.149Z"
    }
},
{
    "model": "planets.planet",
    "pk": 77,
    "fields": {
        "name": "Glorp Epsilon",
        "planet_type": 5,
        "locationx": 3845,
        "locationy": 7088,
        "locationz": 7116,
        "last_checked": "2017-12-08T14:25:21.208Z"
    }
},
{
    "model": "planets.planetstorage",
    "pk": 2234,
    "fields": {
        "planet": 36,
        "element": 4,
        "price": 310
    }
},
{
    "model": "planets.planetstorage",
    "pk": 2235,
    "fields": {
        "planet": 36,
        "element": 13,
        "price": 470
    }
},
{
    "model": "planets.planetstorage",
    "pk": 2236,
    "fields": {
        "planet": 36,
        "element": 17,
        "price": 81
    }
},
{
    "model": "planets.planetstorage",
    "pk": 2237,
    "fields": {
        "planet": 36,
        "element": 16,
        "price": 1
    }
},
{
    "model": "planets.planetstorage",
    "pk": 2238,
    "fields": {
        "planet": 36,
        "element": 18,
        "price": 105
    }
},
{
    "model": "planets.planetstorage",
    "pk": 2239,
    "fields": {
        "planet": 36,
        "element": 7,
        "price": 1
    }
},
{
    "model": "planets.planetstorage",
    "pk": 2240,
    "fields": {
        "planet": 36,
        "element": 8,
        "price": 75
    }
},
{
    "model": "planets.planetstorage",
    "pk": 2241,
    "fields": {
        "planet": 36,
        "element": 9,
        "price": 57
    }
},
{
    "model": "planets.planetstorage",
    "pk": 2242,
    "fields": {
        "planet": 36,
        "element": 1,
        "price": 457
    }
},
{
    "model": "planets.planetstorage",
    "pk": 2243,
    "fields": {
        "planet": 36,
        "element": 14,
        "price": 191
    }
},
{
    "model": "planets.planetstorage",
    "pk": 2244,
    "fields": {
        "planet": 37,
        "element": 4,
        "price": 295
    }
},
{
    "model": "planets.planetstorage",
    "pk": 2245,
    "fields": {
        "planet": 37,
        "element": 9,
        "price": 23
    }
},
{
    "model": "planets.planetstorage",
    "pk": 2246,
    "fields": {
        "planet": 37,
        "element": 1,
        "price": 243
    }
},
{
    "model": "planets.planetstorage",
    "pk": 2247,
    "fields": {
        "planet": 37,
        "element": 11,
        "price": 226
    }
},
{
    "model": "planets.planetstorage",
    "pk": 2248,
    "fields": {
        "planet": 37,
        "element": 13,
        "price": 386
    }
},
{
    "model": "planets.planetstorage",
    "pk": 2249,
    "fields": {
        "planet": 37,
        "element": 5,
        "price": 340
    }
},
{
    "model": "planets.planetstorage",
    "pk": 2250,
    "fields": {
        "planet": 37,
        "element": 20,
        "price": 396
    }
},
{
    "model": "planets.planetstorage",
    "pk": 2251,
    "fields": {
        "planet": 37,
        "element": 10,
        "price": 210
    }
},
{
    "model": "planets.planetstorage",
    "pk": 2252,
    "fields": {
        "planet": 37,
        "element": 8,
        "price": 83
    }
},
{
    "model": "planets.planetstorage",
    "pk": 2253,
    "fields": {
        "planet": 37,
        "element": 19,
        "price": 171
    }
},
{
    "model": "planets.planetstorage",
    "pk": 2254,
    "fields": {
        "planet": 38,
        "element": 12,
        "price": 46
    }
},
{
    "model": "planets.planetstorage",
    "pk": 2255,
    "fields": {
        "planet": 38,
        "element": 13,
        "price": 74
    }
},
{
    "model": "planets.planetstorage",
    "pk": 2256,
    "fields": {
        "planet": 38,
        "element": 1,
        "price": 115
    }
},
{
    "model": "planets.planetstorage",
    "pk": 2257,
    "fields": {
        "planet": 38,
        "element": 8,
        "price": 52
    }
},
{
    "model": "planets.planetstorage",
    "pk": 2258,
    "fields": {
        "planet": 38,
        "element": 16,
        "price": 1
    }
},
{
    "model": "planets.planetstorage",
    "pk": 2259,
    "fields": {
        "planet": 38,
        "element": 15,
        "price": 173
    }
},
{
    "model": "planets.planetstorage",
    "pk": 2260,
    "fields": {
        "planet": 38,
        "element": 10,
        "price": 107
    }
},
{
    "model": "planets.planetstorage",
    "pk": 2261,
    "fields": {
        "planet": 38,
        "element": 9,
        "price": 49
    }
},
{
    "model": "planets.planetstorage",
    "pk": 2262,
    "fields": {
        "planet": 38,
        "element": 14,
        "price": 73
    }
},
{
    "model": "planets.planetstorage",
    "pk": 2263,
    "fields": {
        "planet": 38,
        "element": 5,
        "price": 201
    }
},
{
    "model": "planets.planetstorage",
    "pk": 2264,
    "fields": {
        "planet": 39,
        "element": 12,
        "price": 19
    }
},
{
    "model": "planets.planetstorage",
    "pk": 2265,
    "fields": {
        "planet": 39,
        "element": 10,
        "price": 67
    }
},
{
    "model": "planets.planetstorage",
    "pk": 2266,
    "fields": {
        "planet": 39,
        "element": 8,
        "price": 42
    }
},
{
    "model": "planets.planetstorage",
    "pk": 2267,
    "fields": {
        "planet": 39,
        "element": 13,
        "price": 278
    }
},
{
    "model": "planets.planetstorage",
    "pk": 2268,
    "fields": {
        "planet": 39,
        "element": 15,
        "price": 202
    }
},
{
    "model": "planets.planetstorage",
    "pk": 2269,
    "fields": {
        "planet": 39,
        "element": 5,
        "price": 352
    }
},
{
    "model": "planets.planetstorage",
    "pk": 2270,
    "fields": {
        "planet": 39,
        "element": 16,
        "price": 1
    }
},
{
    "model": "planets.planetstorage",
    "pk": 2271,
    "fields": {
        "planet": 39,
        "element": 11,
        "price": 162
    }
},
{
    "model": "planets.planetstorage",
    "pk": 2272,
    "fields": {
        "planet": 39,
        "element": 6,
        "price": 57
    }
},
{
    "model": "planets.planetstorage",
    "pk": 2273,
    "fields": {
        "planet": 39,
        "element": 18,
        "price": 99
    }
},
{
    "model": "planets.planetstorage",
    "pk": 2274,
    "fields": {
        "planet": 40,
        "element": 8,
        "price": 54
    }
},
{
    "model": "planets.planetstorage",
    "pk": 2275,
    "fields": {
        "planet": 40,
        "element": 10,
        "price": 92
    }
},
{
    "model": "planets.planetstorage",
    "pk": 2276,
    "fields": {
        "planet": 40,
        "element": 20,
        "price": 169
    }
},
{
    "model": "planets.planetstorage",
    "pk": 2277,
    "fields": {
        "planet": 40,
        "element": 14,
        "price": 100
    }
},
{
    "model": "planets.planetstorage",
    "pk": 2278,
    "fields": {
        "planet": 40,
        "element": 13,
        "price": 466
    }
},
{
    "model": "planets.planetstorage",
    "pk": 2279,
    "fields": {
        "planet": 40,
        "element": 9,
        "price": 46
    }
},
{
    "model": "planets.planetstorage",
    "pk": 2280,
    "fields": {
        "planet": 40,
        "element": 3,
        "price": 75
    }
},
{
    "model": "planets.planetstorage",
    "pk": 2281,
    "fields": {
        "planet": 40,
        "element": 6,
        "price": 121
    }
},
{
    "model": "planets.planetstorage",
    "pk": 2282,
    "fields": {
        "planet": 40,
        "element": 15,
        "price": 165
    }
},
{
    "model": "planets.planetstorage",
    "pk": 2283,
    "fields": {
        "planet": 40,
        "element": 4,
        "price": 266
    }
},
{
    "model": "planets.planetstorage",
    "pk": 2284,
    "fields": {
        "planet": 41,
        "element": 12,
        "price": 90
    }
},
{
    "model": "planets.planetstorage",
    "pk": 2285,
    "fields": {
        "planet": 41,
        "element": 4,
        "price": 38
    }
},
{
    "model": "planets.planetstorage",
    "pk": 2286,
    "fields": {
        "planet": 41,
        "element": 13,
        "price": 397
    }
},
{
    "model": "planets.planetstorage",
    "pk": 2287,
    "fields": {
        "planet": 41,
        "element": 17,
        "price": 94
    }
},
{
    "model": "planets.planetstorage",
    "pk": 2288,
    "fields": {
        "planet": 41,
        "element": 14,
        "price": 40
    }
},
{
    "model": "planets.planetstorage",
    "pk": 2289,
    "fields": {
        "planet": 41,
        "element": 18,
        "price": 126
    }
},
{
    "model": "planets.planetstorage",
    "pk": 2290,
    "fields": {
        "planet": 41,
        "element": 16,
        "price": 1
    }
},
{
    "model": "planets.planetstorage",
    "pk": 2291,
    "fields": {
        "planet": 41,
        "element": 10,
        "price": 117
    }
},
{
    "model": "planets.planetstorage",
    "pk": 2292,
    "fields": {
        "planet": 41,
        "element": 2,
        "price": 237
    }
},
{
    "model": "planets.planetstorage",
    "pk": 2293,
    "fields": {
        "planet": 41,
        "element": 5,
        "price": 285
    }
},
{
    "model": "planets.planetstorage",
    "pk": 2294,
    "fields": {
        "planet": 42,
        "element": 18,
        "price": 26
    }
},
{
    "model": "planets.planetstorage",
    "pk": 2295,
    "fields": {
        "planet": 42,
        "element": 3,
        "price": 178
    }
},
{
    "model": "planets.planetstorage",
    "pk": 2296,
    "fields": {
        "planet": 42,
        "element": 8,
        "price": 43
    }
},
{
    "model": "planets.planetstorage",
    "pk": 2297,
    "fields": {
        "planet": 42,
        "element": 1,
        "price": 304
    }
},
{
    "model": "planets.planetstorage",
    "pk": 2298,
    "fields": {
        "planet": 42,
        "element": 16,
        "price": 1
    }
},
{
    "model": "planets.planetstorage",
    "pk": 2299,
    "fields": {
        "planet": 42,
        "element": 9,
        "price": 82
    }
},
{
    "model": "planets.planetstorage",
    "pk": 2300,
    "fields": {
        "planet": 42,
        "element": 17,
        "price": 40
    }
},
{
    "model": "planets.planetstorage",
    "pk": 2301,
    "fields": {
        "planet": 42,
        "element": 2,
        "price": 54
    }
},
{
    "model": "planets.planetstorage",
    "pk": 2302,
    "fields": {
        "planet": 42,
        "element": 6,
        "price": 143
    }
},
{
    "model": "planets.planetstorage",
    "pk": 2303,
    "fields": {
        "planet": 42,
        "element": 5,
        "price": 374
    }
},
{
    "model": "planets.planetstorage",
    "pk": 2304,
    "fields": {
        "planet": 43,
        "element": 15,
        "price": 89
    }
},
{
    "model": "planets.planetstorage",
    "pk": 2305,
    "fields": {
        "planet": 43,
        "element": 9,
        "price": 48
    }
},
{
    "model": "planets.planetstorage",
    "pk": 2306,
    "fields": {
        "planet": 43,
        "element": 18,
        "price": 140
    }
},
{
    "model": "planets.planetstorage",
    "pk": 2307,
    "fields": {
        "planet": 43,
        "element": 6,
        "price": 109
    }
},
{
    "model": "planets.planetstorage",
    "pk": 2308,
    "fields": {
        "planet": 43,
        "element": 14,
        "price": 161
    }
},
{
    "model": "planets.planetstorage",
    "pk": 2309,
    "fields": {
        "planet": 43,
        "element": 1,
        "price": 131
    }
},
{
    "model": "planets.planetstorage",
    "pk": 2310,
    "fields": {
        "planet": 43,
        "element": 8,
        "price": 44
    }
},
{
    "model": "planets.planetstorage",
    "pk": 2311,
    "fields": {
        "planet": 43,
        "element": 19,
        "price": 176
    }
},
{
    "model": "planets.planetstorage",
    "pk": 2312,
    "fields": {
        "planet": 43,
        "element": 3,
        "price": 32
    }
},
{
    "model": "planets.planetstorage",
    "pk": 2313,
    "fields": {
        "planet": 43,
        "element": 7,
        "price": 1
    }
},
{
    "model": "planets.planetstorage",
    "pk": 2314,
    "fields": {
        "planet": 44,
        "element": 14,
        "price": 24
    }
},
{
    "model": "planets.planetstorage",
    "pk": 2315,
    "fields": {
        "planet": 44,
        "element": 2,
        "price": 200
    }
},
{
    "model": "planets.planetstorage",
    "pk": 2316,
    "fields": {
        "planet": 44,
        "element": 20,
        "price": 179
    }
},
{
    "model": "planets.planetstorage",
    "pk": 2317,
    "fields": {
        "planet": 44,
        "element": 9,
        "price": 85
    }
},
{
    "model": "planets.planetstorage",
    "pk": 2318,
    "fields": {
        "planet": 44,
        "element": 11,
        "price": 51
    }
},
{
    "model": "planets.planetstorage",
    "pk": 2319,
    "fields": {
        "planet": 44,
        "element": 1,
        "price": 85
    }
},
{
    "model": "planets.planetstorage",
    "pk": 2320,
    "fields": {
        "planet": 44,
        "element": 3,
        "price": 73
    }
},
{
    "model": "planets.planetstorage",
    "pk": 2321,
    "fields": {
        "planet": 44,
        "element": 15,
        "price": 236
    }
},
{
    "model": "planets.planetstorage",
    "pk": 2322,
    "fields": {
        "planet": 44,
        "element": 12,
        "price": 27
    }
},
{
    "model": "planets.planetstorage",
    "pk": 2323,
    "fields": {
        "planet": 44,
        "element": 8,
        "price": 36
    }
},
{
    "model": "planets.planetstorage",
    "pk": 2324,
    "fields": {
        "planet": 45,
        "element": 15,
        "price": 110
    }
},
{
    "model": "planets.planetstorage",
    "pk": 2325,
    "fields": {
        "planet": 45,
        "element": 17,
        "price": 80
    }
},
{
    "model": "planets.planetstorage",
    "pk": 2326,
    "fields": {
        "planet": 45,
        "element": 5,
        "price": 68
    }
},
{
    "model": "planets.planetstorage",
    "pk": 2327,
    "fields": {
        "planet": 45,
        "element": 2,
        "price": 109
    }
},
{
    "model": "planets.planetstorage",
    "pk": 2328,
    "fields": {
        "planet": 45,
        "element": 4,
        "price": 233
    }
},
{
    "model": "planets.planetstorage",
    "pk": 2329,
    "fields": {
        "planet": 45,
        "element": 16,
        "price": 1
    }
},
{
    "model": "planets.planetstorage",
    "pk": 2330,
    "fields": {
        "planet": 45,
        "element": 7,
        "price": 1
    }
},
{
    "model": "planets.planetstorage",
    "pk": 2331,
    "fields": {
        "planet": 45,
        "element": 10,
        "price": 159
    }
},
{
    "model": "planets.planetstorage",
    "pk": 2332,
    "fields": {
        "planet": 45,
        "element": 14,
        "price": 131
    }
},
{
    "model": "planets.planetstorage",
    "pk": 2333,
    "fields": {
        "planet": 45,
        "element": 12,
        "price": 87
    }
},
{
    "model": "planets.planetstorage",
    "pk": 2334,
    "fields": {
        "planet": 46,
        "element": 12,
        "price": 42
    }
},
{
    "model": "planets.planetstorage",
    "pk": 2335,
    "fields": {
        "planet": 46,
        "element": 14,
        "price": 182
    }
},
{
    "model": "planets.planetstorage",
    "pk": 2336,
    "fields": {
        "planet": 46,
        "element": 11,
        "price": 198
    }
},
{
    "model": "planets.planetstorage",
    "pk": 2337,
    "fields": {
        "planet": 46,
        "element": 16,
        "price": 1
    }
},
{
    "model": "planets.planetstorage",
    "pk": 2338,
    "fields": {
        "planet": 46,
        "element": 13,
        "price": 139
    }
},
{
    "model": "planets.planetstorage",
    "pk": 2339,
    "fields": {
        "planet": 46,
        "element": 4,
        "price": 176
    }
},
{
    "model": "planets.planetstorage",
    "pk": 2340,
    "fields": {
        "planet": 46,
        "element": 19,
        "price": 84
    }
},
{
    "model": "planets.planetstorage",
    "pk": 2341,
    "fields": {
        "planet": 46,
        "element": 2,
        "price": 322
    }
},
{
    "model": "planets.planetstorage",
    "pk": 2342,
    "fields": {
        "planet": 46,
        "element": 18,
        "price": 76
    }
},
{
    "model": "planets.planetstorage",
    "pk": 2343,
    "fields": {
        "planet": 46,
        "element": 20,
        "price": 293
    }
},
{
    "model": "planets.planetstorage",
    "pk": 2344,
    "fields": {
        "planet": 47,
        "element": 1,
        "price": 447
    }
},
{
    "model": "planets.planetstorage",
    "pk": 2345,
    "fields": {
        "planet": 47,
        "element": 6,
        "price": 101
    }
},
{
    "model": "planets.planetstorage",
    "pk": 2346,
    "fields": {
        "planet": 47,
        "element": 5,
        "price": 408
    }
},
{
    "model": "planets.planetstorage",
    "pk": 2347,
    "fields": {
        "planet": 47,
        "element": 7,
        "price": 1
    }
},
{
    "model": "planets.planetstorage",
    "pk": 2348,
    "fields": {
        "planet": 47,
        "element": 19,
        "price": 185
    }
},
{
    "model": "planets.planetstorage",
    "pk": 2349,
    "fields": {
        "planet": 47,
        "element": 10,
        "price": 24
    }
},
{
    "model": "planets.planetstorage",
    "pk": 2350,
    "fields": {
        "planet": 47,
        "element": 20,
        "price": 120
    }
},
{
    "model": "planets.planetstorage",
    "pk": 2351,
    "fields": {
        "planet": 47,
        "element": 12,
        "price": 65
    }
},
{
    "model": "planets.planetstorage",
    "pk": 2352,
    "fields": {
        "planet": 47,
        "element": 9,
        "price": 48
    }
},
{
    "model": "planets.planetstorage",
    "pk": 2353,
    "fields": {
        "planet": 47,
        "element": 15,
        "price": 162
    }
},
{
    "model": "planets.planetstorage",
    "pk": 2354,
    "fields": {
        "planet": 48,
        "element": 11,
        "price": 139
    }
},
{
    "model": "planets.planetstorage",
    "pk": 2355,
    "fields": {
        "planet": 48,
        "element": 18,
        "price": 57
    }
},
{
    "model": "planets.planetstorage",
    "pk": 2356,
    "fields": {
        "planet": 48,
        "element": 20,
        "price": 400
    }
},
{
    "model": "planets.planetstorage",
    "pk": 2357,
    "fields": {
        "planet": 48,
        "element": 8,
        "price": 16
    }
},
{
    "model": "planets.planetstorage",
    "pk": 2358,
    "fields": {
        "planet": 48,
        "element": 19,
        "price": 234
    }
},
{
    "model": "planets.planetstorage",
    "pk": 2359,
    "fields": {
        "planet": 48,
        "element": 2,
        "price": 311
    }
},
{
    "model": "planets.planetstorage",
    "pk": 2360,
    "fields": {
        "planet": 48,
        "element": 5,
        "price": 63
    }
},
{
    "model": "planets.planetstorage",
    "pk": 2361,
    "fields": {
        "planet": 48,
        "element": 10,
        "price": 62
    }
},
{
    "model": "planets.planetstorage",
    "pk": 2362,
    "fields": {
        "planet": 48,
        "element": 14,
        "price": 58
    }
},
{
    "model": "planets.planetstorage",
    "pk": 2363,
    "fields": {
        "planet": 48,
        "element": 3,
        "price": 284
    }
},
{
    "model": "planets.planetstorage",
    "pk": 2364,
    "fields": {
        "planet": 49,
        "element": 15,
        "price": 42
    }
},
{
    "model": "planets.planetstorage",
    "pk": 2365,
    "fields": {
        "planet": 49,
        "element": 7,
        "price": 1
    }
},
{
    "model": "planets.planetstorage",
    "pk": 2366,
    "fields": {
        "planet": 49,
        "element": 6,
        "price": 126
    }
},
{
    "model": "planets.planetstorage",
    "pk": 2367,
    "fields": {
        "planet": 49,
        "element": 18,
        "price": 136
    }
},
{
    "model": "planets.planetstorage",
    "pk": 2368,
    "fields": {
        "planet": 49,
        "element": 5,
        "price": 234
    }
},
{
    "model": "planets.planetstorage",
    "pk": 2369,
    "fields": {
        "planet": 49,
        "element": 2,
        "price": 117
    }
},
{
    "model": "planets.planetstorage",
    "pk": 2370,
    "fields": {
        "planet": 49,
        "element": 1,
        "price": 422
    }
},
{
    "model": "planets.planetstorage",
    "pk": 2371,
    "fields": {
        "planet": 49,
        "element": 20,
        "price": 181
    }
},
{
    "model": "planets.planetstorage",
    "pk": 2372,
    "fields": {
        "planet": 49,
        "element": 13,
        "price": 272
    }
},
{
    "model": "planets.planetstorage",
    "pk": 2373,
    "fields": {
        "planet": 49,
        "element": 4,
        "price": 289
    }
},
{
    "model": "planets.planetstorage",
    "pk": 2374,
    "fields": {
        "planet": 50,
        "element": 15,
        "price": 226
    }
},
{
    "model": "planets.planetstorage",
    "pk": 2375,
    "fields": {
        "planet": 50,
        "element": 13,
        "price": 180
    }
},
{
    "model": "planets.planetstorage",
    "pk": 2376,
    "fields": {
        "planet": 50,
        "element": 4,
        "price": 56
    }
},
{
    "model": "planets.planetstorage",
    "pk": 2377,
    "fields": {
        "planet": 50,
        "element": 5,
        "price": 106
    }
},
{
    "model": "planets.planetstorage",
    "pk": 2378,
    "fields": {
        "planet": 50,
        "element": 18,
        "price": 117
    }
},
{
    "model": "planets.planetstorage",
    "pk": 2379,
    "fields": {
        "planet": 50,
        "element": 20,
        "price": 131
    }
},
{
    "model": "planets.planetstorage",
    "pk": 2380,
    "fields": {
        "planet": 50,
        "element": 3,
        "price": 161
    }
},
{
    "model": "planets.planetstorage",
    "pk": 2381,
    "fields": {
        "planet": 50,
        "element": 12,
        "price": 17
    }
},
{
    "model": "planets.planetstorage",
    "pk": 2382,
    "fields": {
        "planet": 50,
        "element": 11,
        "price": 166
    }
},
{
    "model": "planets.planetstorage",
    "pk": 2383,
    "fields": {
        "planet": 50,
        "element": 6,
        "price": 143
    }
},
{
    "model": "planets.planetstorage",
    "pk": 2384,
    "fields": {
        "planet": 51,
        "element": 3,
        "price": 210
    }
},
{
    "model": "planets.planetstorage",
    "pk": 2385,
    "fields": {
        "planet": 51,
        "element": 12,
        "price": 32
    }
},
{
    "model": "planets.planetstorage",
    "pk": 2386,
    "fields": {
        "planet": 51,
        "element": 16,
        "price": 1
    }
},
{
    "model": "planets.planetstorage",
    "pk": 2387,
    "fields": {
        "planet": 51,
        "element": 20,
        "price": 329
    }
},
{
    "model": "planets.planetstorage",
    "pk": 2388,
    "fields": {
        "planet": 51,
        "element": 7,
        "price": 1
    }
},
{
    "model": "planets.planetstorage",
    "pk": 2389,
    "fields": {
        "planet": 51,
        "element": 2,
        "price": 101
    }
},
{
    "model": "planets.planetstorage",
    "pk": 2390,
    "fields": {
        "planet": 51,
        "element": 6,
        "price": 185
    }
},
{
    "model": "planets.planetstorage",
    "pk": 2391,
    "fields": {
        "planet": 51,
        "element": 11,
        "price": 313
    }
},
{
    "model": "planets.planetstorage",
    "pk": 2392,
    "fields": {
        "planet": 51,
        "element": 15,
        "price": 103
    }
},
{
    "model": "planets.planetstorage",
    "pk": 2393,
    "fields": {
        "planet": 51,
        "element": 13,
        "price": 89
    }
},
{
    "model": "planets.planetstorage",
    "pk": 2394,
    "fields": {
        "planet": 52,
        "element": 4,
        "price": 102
    }
},
{
    "model": "planets.planetstorage",
    "pk": 2395,
    "fields": {
        "planet": 52,
        "element": 16,
        "price": 1
    }
},
{
    "model": "planets.planetstorage",
    "pk": 2396,
    "fields": {
        "planet": 52,
        "element": 19,
        "price": 32
    }
},
{
    "model": "planets.planetstorage",
    "pk": 2397,
    "fields": {
        "planet": 52,
        "element": 6,
        "price": 94
    }
},
{
    "model": "planets.planetstorage",
    "pk": 2398,
    "fields": {
        "planet": 52,
        "element": 11,
        "price": 273
    }
},
{
    "model": "planets.planetstorage",
    "pk": 2399,
    "fields": {
        "planet": 52,
        "element": 14,
        "price": 58
    }
},
{
    "model": "planets.planetstorage",
    "pk": 2400,
    "fields": {
        "planet": 52,
        "element": 2,
        "price": 47
    }
},
{
    "model": "planets.planetstorage",
    "pk": 2401,
    "fields": {
        "planet": 52,
        "element": 20,
        "price": 304
    }
},
{
    "model": "planets.planetstorage",
    "pk": 2402,
    "fields": {
        "planet": 52,
        "element": 17,
        "price": 100
    }
},
{
    "model": "planets.planetstorage",
    "pk": 2403,
    "fields": {
        "planet": 52,
        "element": 5,
        "price": 88
    }
},
{
    "model": "planets.planetstorage",
    "pk": 2404,
    "fields": {
        "planet": 53,
        "element": 18,
        "price": 188
    }
},
{
    "model": "planets.planetstorage",
    "pk": 2405,
    "fields": {
        "planet": 53,
        "element": 10,
        "price": 96
    }
},
{
    "model": "planets.planetstorage",
    "pk": 2406,
    "fields": {
        "planet": 53,
        "element": 2,
        "price": 357
    }
},
{
    "model": "planets.planetstorage",
    "pk": 2407,
    "fields": {
        "planet": 53,
        "element": 8,
        "price": 72
    }
},
{
    "model": "planets.planetstorage",
    "pk": 2408,
    "fields": {
        "planet": 53,
        "element": 13,
        "price": 73
    }
},
{
    "model": "planets.planetstorage",
    "pk": 2409,
    "fields": {
        "planet": 53,
        "element": 14,
        "price": 57
    }
},
{
    "model": "planets.planetstorage",
    "pk": 2410,
    "fields": {
        "planet": 53,
        "element": 5,
        "price": 311
    }
},
{
    "model": "planets.planetstorage",
    "pk": 2411,
    "fields": {
        "planet": 53,
        "element": 4,
        "price": 249
    }
},
{
    "model": "planets.planetstorage",
    "pk": 2412,
    "fields": {
        "planet": 53,
        "element": 1,
        "price": 320
    }
},
{
    "model": "planets.planetstorage",
    "pk": 2413,
    "fields": {
        "planet": 53,
        "element": 15,
        "price": 111
    }
},
{
    "model": "planets.planetstorage",
    "pk": 2414,
    "fields": {
        "planet": 54,
        "element": 10,
        "price": 62
    }
},
{
    "model": "planets.planetstorage",
    "pk": 2415,
    "fields": {
        "planet": 54,
        "element": 17,
        "price": 95
    }
},
{
    "model": "planets.planetstorage",
    "pk": 2416,
    "fields": {
        "planet": 54,
        "element": 8,
        "price": 38
    }
},
{
    "model": "planets.planetstorage",
    "pk": 2417,
    "fields": {
        "planet": 54,
        "element": 5,
        "price": 47
    }
},
{
    "model": "planets.planetstorage",
    "pk": 2418,
    "fields": {
        "planet": 54,
        "element": 16,
        "price": 1
    }
},
{
    "model": "planets.planetstorage",
    "pk": 2419,
    "fields": {
        "planet": 54,
        "element": 1,
        "price": 464
    }
},
{
    "model": "planets.planetstorage",
    "pk": 2420,
    "fields": {
        "planet": 54,
        "element": 9,
        "price": 80
    }
},
{
    "model": "planets.planetstorage",
    "pk": 2421,
    "fields": {
        "planet": 54,
        "element": 18,
        "price": 42
    }
},
{
    "model": "planets.planetstorage",
    "pk": 2422,
    "fields": {
        "planet": 54,
        "element": 11,
        "price": 227
    }
},
{
    "model": "planets.planetstorage",
    "pk": 2423,
    "fields": {
        "planet": 54,
        "element": 2,
        "price": 93
    }
},
{
    "model": "planets.planetstorage",
    "pk": 2424,
    "fields": {
        "planet": 55,
        "element": 18,
        "price": 28
    }
},
{
    "model": "planets.planetstorage",
    "pk": 2425,
    "fields": {
        "planet": 55,
        "element": 8,
        "price": 28
    }
},
{
    "model": "planets.planetstorage",
    "pk": 2426,
    "fields": {
        "planet": 55,
        "element": 16,
        "price": 1
    }
},
{
    "model": "planets.planetstorage",
    "pk": 2427,
    "fields": {
        "planet": 55,
        "element": 15,
        "price": 277
    }
},
{
    "model": "planets.planetstorage",
    "pk": 2428,
    "fields": {
        "planet": 55,
        "element": 19,
        "price": 211
    }
},
{
    "model": "planets.planetstorage",
    "pk": 2429,
    "fields": {
        "planet": 55,
        "element": 2,
        "price": 178
    }
},
{
    "model": "planets.planetstorage",
    "pk": 2430,
    "fields": {
        "planet": 55,
        "element": 5,
        "price": 297
    }
},
{
    "model": "planets.planetstorage",
    "pk": 2431,
    "fields": {
        "planet": 55,
        "element": 20,
        "price": 103
    }
},
{
    "model": "planets.planetstorage",
    "pk": 2432,
    "fields": {
        "planet": 55,
        "element": 4,
        "price": 116
    }
},
{
    "model": "planets.planetstorage",
    "pk": 2433,
    "fields": {
        "planet": 55,
        "element": 6,
        "price": 187
    }
},
{
    "model": "planets.planetstorage",
    "pk": 2434,
    "fields": {
        "planet": 56,
        "element": 13,
        "price": 256
    }
},
{
    "model": "planets.planetstorage",
    "pk": 2435,
    "fields": {
        "planet": 56,
        "element": 12,
        "price": 92
    }
},
{
    "model": "planets.planetstorage",
    "pk": 2436,
    "fields": {
        "planet": 56,
        "element": 20,
        "price": 196
    }
},
{
    "model": "planets.planetstorage",
    "pk": 2437,
    "fields": {
        "planet": 56,
        "element": 7,
        "price": 1
    }
},
{
    "model": "planets.planetstorage",
    "pk": 2438,
    "fields": {
        "planet": 56,
        "element": 11,
        "price": 227
    }
},
{
    "model": "planets.planetstorage",
    "pk": 2439,
    "fields": {
        "planet": 56,
        "element": 15,
        "price": 269
    }
},
{
    "model": "planets.planetstorage",
    "pk": 2440,
    "fields": {
        "planet": 56,
        "element": 9,
        "price": 80
    }
},
{
    "model": "planets.planetstorage",
    "pk": 2441,
    "fields": {
        "planet": 56,
        "element": 2,
        "price": 42
    }
},
{
    "model": "planets.planetstorage",
    "pk": 2442,
    "fields": {
        "planet": 56,
        "element": 1,
        "price": 389
    }
},
{
    "model": "planets.planetstorage",
    "pk": 2443,
    "fields": {
        "planet": 56,
        "element": 6,
        "price": 58
    }
},
{
    "model": "planets.planetstorage",
    "pk": 2444,
    "fields": {
        "planet": 57,
        "element": 16,
        "price": 1
    }
},
{
    "model": "planets.planetstorage",
    "pk": 2445,
    "fields": {
        "planet": 57,
        "element": 2,
        "price": 51
    }
},
{
    "model": "planets.planetstorage",
    "pk": 2446,
    "fields": {
        "planet": 57,
        "element": 6,
        "price": 93
    }
},
{
    "model": "planets.planetstorage",
    "pk": 2447,
    "fields": {
        "planet": 57,
        "element": 10,
        "price": 99
    }
},
{
    "model": "planets.planetstorage",
    "pk": 2448,
    "fields": {
        "planet": 57,
        "element": 1,
        "price": 210
    }
},
{
    "model": "planets.planetstorage",
    "pk": 2449,
    "fields": {
        "planet": 57,
        "element": 18,
        "price": 151
    }
},
{
    "model": "planets.planetstorage",
    "pk": 2450,
    "fields": {
        "planet": 57,
        "element": 15,
        "price": 248
    }
},
{
    "model": "planets.planetstorage",
    "pk": 2451,
    "fields": {
        "planet": 57,
        "element": 12,
        "price": 81
    }
},
{
    "model": "planets.planetstorage",
    "pk": 2452,
    "fields": {
        "planet": 57,
        "element": 3,
        "price": 67
    }
},
{
    "model": "planets.planetstorage",
    "pk": 2453,
    "fields": {
        "planet": 57,
        "element": 17,
        "price": 42
    }
},
{
    "model": "planets.planetstorage",
    "pk": 2454,
    "fields": {
        "planet": 58,
        "element": 10,
        "price": 36
    }
},
{
    "model": "planets.planetstorage",
    "pk": 2455,
    "fields": {
        "planet": 58,
        "element": 20,
        "price": 89
    }
},
{
    "model": "planets.planetstorage",
    "pk": 2456,
    "fields": {
        "planet": 58,
        "element": 8,
        "price": 93
    }
},
{
    "model": "planets.planetstorage",
    "pk": 2457,
    "fields": {
        "planet": 58,
        "element": 5,
        "price": 131
    }
},
{
    "model": "planets.planetstorage",
    "pk": 2458,
    "fields": {
        "planet": 58,
        "element": 16,
        "price": 1
    }
},
{
    "model": "planets.planetstorage",
    "pk": 2459,
    "fields": {
        "planet": 58,
        "element": 9,
        "price": 105
    }
},
{
    "model": "planets.planetstorage",
    "pk": 2460,
    "fields": {
        "planet": 58,
        "element": 18,
        "price": 64
    }
},
{
    "model": "planets.planetstorage",
    "pk": 2461,
    "fields": {
        "planet": 58,
        "element": 1,
        "price": 145
    }
},
{
    "model": "planets.planetstorage",
    "pk": 2462,
    "fields": {
        "planet": 58,
        "element": 7,
        "price": 1
    }
},
{
    "model": "planets.planetstorage",
    "pk": 2463,
    "fields": {
        "planet": 58,
        "element": 3,
        "price": 183
    }
},
{
    "model": "planets.planetstorage",
    "pk": 2464,
    "fields": {
        "planet": 59,
        "element": 2,
        "price": 217
    }
},
{
    "model": "planets.planetstorage",
    "pk": 2465,
    "fields": {
        "planet": 59,
        "element": 19,
        "price": 197
    }
},
{
    "model": "planets.planetstorage",
    "pk": 2466,
    "fields": {
        "planet": 59,
        "element": 18,
        "price": 115
    }
},
{
    "model": "planets.planetstorage",
    "pk": 2467,
    "fields": {
        "planet": 59,
        "element": 9,
        "price": 95
    }
},
{
    "model": "planets.planetstorage",
    "pk": 2468,
    "fields": {
        "planet": 59,
        "element": 11,
        "price": 288
    }
},
{
    "model": "planets.planetstorage",
    "pk": 2469,
    "fields": {
        "planet": 59,
        "element": 15,
        "price": 107
    }
},
{
    "model": "planets.planetstorage",
    "pk": 2470,
    "fields": {
        "planet": 59,
        "element": 4,
        "price": 203
    }
},
{
    "model": "planets.planetstorage",
    "pk": 2471,
    "fields": {
        "planet": 59,
        "element": 6,
        "price": 111
    }
},
{
    "model": "planets.planetstorage",
    "pk": 2472,
    "fields": {
        "planet": 59,
        "element": 5,
        "price": 51
    }
},
{
    "model": "planets.planetstorage",
    "pk": 2473,
    "fields": {
        "planet": 59,
        "element": 14,
        "price": 103
    }
},
{
    "model": "planets.planetstorage",
    "pk": 2474,
    "fields": {
        "planet": 60,
        "element": 18,
        "price": 155
    }
},
{
    "model": "planets.planetstorage",
    "pk": 2475,
    "fields": {
        "planet": 60,
        "element": 14,
        "price": 174
    }
},
{
    "model": "planets.planetstorage",
    "pk": 2476,
    "fields": {
        "planet": 60,
        "element": 12,
        "price": 13
    }
},
{
    "model": "planets.planetstorage",
    "pk": 2477,
    "fields": {
        "planet": 60,
        "element": 11,
        "price": 93
    }
},
{
    "model": "planets.planetstorage",
    "pk": 2478,
    "fields": {
        "planet": 60,
        "element": 5,
        "price": 63
    }
},
{
    "model": "planets.planetstorage",
    "pk": 2479,
    "fields": {
        "planet": 60,
        "element": 19,
        "price": 220
    }
},
{
    "model": "planets.planetstorage",
    "pk": 2480,
    "fields": {
        "planet": 60,
        "element": 2,
        "price": 123
    }
},
{
    "model": "planets.planetstorage",
    "pk": 2481,
    "fields": {
        "planet": 60,
        "element": 15,
        "price": 65
    }
},
{
    "model": "planets.planetstorage",
    "pk": 2482,
    "fields": {
        "planet": 60,
        "element": 6,
        "price": 46
    }
},
{
    "model": "planets.planetstorage",
    "pk": 2483,
    "fields": {
        "planet": 60,
        "element": 10,
        "price": 196
    }
},
{
    "model": "planets.planetstorage",
    "pk": 2484,
    "fields": {
        "planet": 61,
        "element": 8,
        "price": 64
    }
},
{
    "model": "planets.planetstorage",
    "pk": 2485,
    "fields": {
        "planet": 61,
        "element": 14,
        "price": 35
    }
},
{
    "model": "planets.planetstorage",
    "pk": 2486,
    "fields": {
        "planet": 61,
        "element": 10,
        "price": 208
    }
},
{
    "model": "planets.planetstorage",
    "pk": 2487,
    "fields": {
        "planet": 61,
        "element": 7,
        "price": 1
    }
},
{
    "model": "planets.planetstorage",
    "pk": 2488,
    "fields": {
        "planet": 61,
        "element": 20,
        "price": 137
    }
},
{
    "model": "planets.planetstorage",
    "pk": 2489,
    "fields": {
        "planet": 61,
        "element": 4,
        "price": 53
    }
},
{
    "model": "planets.planetstorage",
    "pk": 2490,
    "fields": {
        "planet": 61,
        "element": 6,
        "price": 24
    }
},
{
    "model": "planets.planetstorage",
    "pk": 2491,
    "fields": {
        "planet": 61,
        "element": 2,
        "price": 378
    }
},
{
    "model": "planets.planetstorage",
    "pk": 2492,
    "fields": {
        "planet": 61,
        "element": 12,
        "price": 92
    }
},
{
    "model": "planets.planetstorage",
    "pk": 2493,
    "fields": {
        "planet": 61,
        "element": 19,
        "price": 263
    }
},
{
    "model": "planets.planetstorage",
    "pk": 2494,
    "fields": {
        "planet": 62,
        "element": 10,
        "price": 65
    }
},
{
    "model": "planets.planetstorage",
    "pk": 2495,
    "fields": {
        "planet": 62,
        "element": 7,
        "price": 1
    }
},
{
    "model": "planets.planetstorage",
    "pk": 2496,
    "fields": {
        "planet": 62,
        "element": 4,
        "price": 248
    }
},
{
    "model": "planets.planetstorage",
    "pk": 2497,
    "fields": {
        "planet": 62,
        "element": 18,
        "price": 191
    }
},
{
    "model": "planets.planetstorage",
    "pk": 2498,
    "fields": {
        "planet": 62,
        "element": 11,
        "price": 262
    }
},
{
    "model": "planets.planetstorage",
    "pk": 2499,
    "fields": {
        "planet": 62,
        "element": 19,
        "price": 138
    }
},
{
    "model": "planets.planetstorage",
    "pk": 2500,
    "fields": {
        "planet": 62,
        "element": 14,
        "price": 50
    }
},
{
    "model": "planets.planetstorage",
    "pk": 2501,
    "fields": {
        "planet": 62,
        "element": 13,
        "price": 209
    }
},
{
    "model": "planets.planetstorage",
    "pk": 2502,
    "fields": {
        "planet": 62,
        "element": 2,
        "price": 255
    }
},
{
    "model": "planets.planetstorage",
    "pk": 2503,
    "fields": {
        "planet": 62,
        "element": 16,
        "price": 1
    }
},
{
    "model": "planets.planetstorage",
    "pk": 2504,
    "fields": {
        "planet": 63,
        "element": 20,
        "price": 234
    }
},
{
    "model": "planets.planetstorage",
    "pk": 2505,
    "fields": {
        "planet": 63,
        "element": 17,
        "price": 91
    }
},
{
    "model": "planets.planetstorage",
    "pk": 2506,
    "fields": {
        "planet": 63,
        "element": 5,
        "price": 120
    }
},
{
    "model": "planets.planetstorage",
    "pk": 2507,
    "fields": {
        "planet": 63,
        "element": 10,
        "price": 162
    }
},
{
    "model": "planets.planetstorage",
    "pk": 2508,
    "fields": {
        "planet": 63,
        "element": 6,
        "price": 98
    }
},
{
    "model": "planets.planetstorage",
    "pk": 2509,
    "fields": {
        "planet": 63,
        "element": 18,
        "price": 129
    }
},
{
    "model": "planets.planetstorage",
    "pk": 2510,
    "fields": {
        "planet": 63,
        "element": 4,
        "price": 107
    }
},
{
    "model": "planets.planetstorage",
    "pk": 2511,
    "fields": {
        "planet": 63,
        "element": 19,
        "price": 110
    }
},
{
    "model": "planets.planetstorage",
    "pk": 2512,
    "fields": {
        "planet": 63,
        "element": 3,
        "price": 101
    }
},
{
    "model": "planets.planetstorage",
    "pk": 2513,
    "fields": {
        "planet": 63,
        "element": 7,
        "price": 1
    }
},
{
    "model": "planets.planetstorage",
    "pk": 2514,
    "fields": {
        "planet": 64,
        "element": 8,
        "price": 22
    }
},
{
    "model": "planets.planetstorage",
    "pk": 2515,
    "fields": {
        "planet": 64,
        "element": 19,
        "price": 266
    }
},
{
    "model": "planets.planetstorage",
    "pk": 2516,
    "fields": {
        "planet": 64,
        "element": 14,
        "price": 66
    }
},
{
    "model": "planets.planetstorage",
    "pk": 2517,
    "fields": {
        "planet": 64,
        "element": 15,
        "price": 82
    }
},
{
    "model": "planets.planetstorage",
    "pk": 2518,
    "fields": {
        "planet": 64,
        "element": 2,
        "price": 122
    }
},
{
    "model": "planets.planetstorage",
    "pk": 2519,
    "fields": {
        "planet": 64,
        "element": 12,
        "price": 71
    }
},
{
    "model": "planets.planetstorage",
    "pk": 2520,
    "fields": {
        "planet": 64,
        "element": 5,
        "price": 112
    }
},
{
    "model": "planets.planetstorage",
    "pk": 2521,
    "fields": {
        "planet": 64,
        "element": 20,
        "price": 330
    }
},
{
    "model": "planets.planetstorage",
    "pk": 2522,
    "fields": {
        "planet": 64,
        "element": 7,
        "price": 1
    }
},
{
    "model": "planets.planetstorage",
    "pk": 2523,
    "fields": {
        "planet": 64,
        "element": 1,
        "price": 74
    }
},
{
    "model": "planets.planetstorage",
    "pk": 2524,
    "fields": {
        "planet": 65,
        "element": 19,
        "price": 60
    }
},
{
    "model": "planets.planetstorage",
    "pk": 2525,
    "fields": {
        "planet": 65,
        "element": 13,
        "price": 481
    }
},
{
    "model": "planets.planetstorage",
    "pk": 2526,
    "fields": {
        "planet": 65,
        "element": 4,
        "price": 111
    }
},
{
    "model": "planets.planetstorage",
    "pk": 2527,
    "fields": {
        "planet": 65,
        "element": 15,
        "price": 70
    }
},
{
    "model": "planets.planetstorage",
    "pk": 2528,
    "fields": {
        "planet": 65,
        "element": 8,
        "price": 87
    }
},
{
    "model": "planets.planetstorage",
    "pk": 2529,
    "fields": {
        "planet": 65,
        "element": 20,
        "price": 68
    }
},
{
    "model": "planets.planetstorage",
    "pk": 2530,
    "fields": {
        "planet": 65,
        "element": 17,
        "price": 14
    }
},
{
    "model": "planets.planetstorage",
    "pk": 2531,
    "fields": {
        "planet": 65,
        "element": 2,
        "price": 166
    }
},
{
    "model": "planets.planetstorage",
    "pk": 2532,
    "fields": {
        "planet": 65,
        "element": 7,
        "price": 1
    }
},
{
    "model": "planets.planetstorage",
    "pk": 2533,
    "fields": {
        "planet": 65,
        "element": 1,
        "price": 463
    }
},
{
    "model": "planets.planetstorage",
    "pk": 2534,
    "fields": {
        "planet": 66,
        "element": 13,
        "price": 58
    }
},
{
    "model": "planets.planetstorage",
    "pk": 2535,
    "fields": {
        "planet": 66,
        "element": 14,
        "price": 193
    }
},
{
    "model": "planets.planetstorage",
    "pk": 2536,
    "fields": {
        "planet": 66,
        "element": 19,
        "price": 82
    }
},
{
    "model": "planets.planetstorage",
    "pk": 2537,
    "fields": {
        "planet": 66,
        "element": 16,
        "price": 1
    }
},
{
    "model": "planets.planetstorage",
    "pk": 2538,
    "fields": {
        "planet": 66,
        "element": 7,
        "price": 1
    }
},
{
    "model": "planets.planetstorage",
    "pk": 2539,
    "fields": {
        "planet": 66,
        "element": 20,
        "price": 180
    }
},
{
    "model": "planets.planetstorage",
    "pk": 2540,
    "fields": {
        "planet": 66,
        "element": 10,
        "price": 37
    }
},
{
    "model": "planets.planetstorage",
    "pk": 2541,
    "fields": {
        "planet": 66,
        "element": 12,
        "price": 45
    }
},
{
    "model": "planets.planetstorage",
    "pk": 2542,
    "fields": {
        "planet": 66,
        "element": 1,
        "price": 131
    }
},
{
    "model": "planets.planetstorage",
    "pk": 2543,
    "fields": {
        "planet": 66,
        "element": 2,
        "price": 235
    }
},
{
    "model": "planets.planetstorage",
    "pk": 2544,
    "fields": {
        "planet": 67,
        "element": 13,
        "price": 299
    }
},
{
    "model": "planets.planetstorage",
    "pk": 2545,
    "fields": {
        "planet": 67,
        "element": 5,
        "price": 407
    }
},
{
    "model": "planets.planetstorage",
    "pk": 2546,
    "fields": {
        "planet": 67,
        "element": 11,
        "price": 163
    }
},
{
    "model": "planets.planetstorage",
    "pk": 2547,
    "fields": {
        "planet": 67,
        "element": 16,
        "price": 1
    }
},
{
    "model": "planets.planetstorage",
    "pk": 2548,
    "fields": {
        "planet": 67,
        "element": 2,
        "price": 84
    }
},
{
    "model": "planets.planetstorage",
    "pk": 2549,
    "fields": {
        "planet": 67,
        "element": 17,
        "price": 97
    }
},
{
    "model": "planets.planetstorage",
    "pk": 2550,
    "fields": {
        "planet": 67,
        "element": 1,
        "price": 78
    }
},
{
    "model": "planets.planetstorage",
    "pk": 2551,
    "fields": {
        "planet": 67,
        "element": 4,
        "price": 188
    }
},
{
    "model": "planets.planetstorage",
    "pk": 2552,
    "fields": {
        "planet": 67,
        "element": 7,
        "price": 1
    }
},
{
    "model": "planets.planetstorage",
    "pk": 2553,
    "fields": {
        "planet": 67,
        "element": 12,
        "price": 61
    }
},
{
    "model": "planets.planetstorage",
    "pk": 2554,
    "fields": {
        "planet": 68,
        "element": 9,
        "price": 37
    }
},
{
    "model": "planets.planetstorage",
    "pk": 2555,
    "fields": {
        "planet": 68,
        "element": 14,
        "price": 51
    }
},
{
    "model": "planets.planetstorage",
    "pk": 2556,
    "fields": {
        "planet": 68,
        "element": 4,
        "price": 47
    }
},
{
    "model": "planets.planetstorage",
    "pk": 2557,
    "fields": {
        "planet": 68,
        "element": 17,
        "price": 12
    }
},
{
    "model": "planets.planetstorage",
    "pk": 2558,
    "fields": {
        "planet": 68,
        "element": 10,
        "price": 70
    }
},
{
    "model": "planets.planetstorage",
    "pk": 2559,
    "fields": {
        "planet": 68,
        "element": 13,
        "price": 188
    }
},
{
    "model": "planets.planetstorage",
    "pk": 2560,
    "fields": {
        "planet": 68,
        "element": 6,
        "price": 128
    }
},
{
    "model": "planets.planetstorage",
    "pk": 2561,
    "fields": {
        "planet": 68,
        "element": 7,
        "price": 1
    }
},
{
    "model": "planets.planetstorage",
    "pk": 2562,
    "fields": {
        "planet": 68,
        "element": 3,
        "price": 92
    }
},
{
    "model": "planets.planetstorage",
    "pk": 2563,
    "fields": {
        "planet": 68,
        "element": 5,
        "price": 153
    }
},
{
    "model": "planets.planetstorage",
    "pk": 2564,
    "fields": {
        "planet": 69,
        "element": 9,
        "price": 23
    }
},
{
    "model": "planets.planetstorage",
    "pk": 2565,
    "fields": {
        "planet": 69,
        "element": 19,
        "price": 58
    }
},
{
    "model": "planets.planetstorage",
    "pk": 2566,
    "fields": {
        "planet": 69,
        "element": 6,
        "price": 49
    }
},
{
    "model": "planets.planetstorage",
    "pk": 2567,
    "fields": {
        "planet": 69,
        "element": 16,
        "price": 1
    }
},
{
    "model": "planets.planetstorage",
    "pk": 2568,
    "fields": {
        "planet": 69,
        "element": 17,
        "price": 68
    }
},
{
    "model": "planets.planetstorage",
    "pk": 2569,
    "fields": {
        "planet": 69,
        "element": 1,
        "price": 290
    }
},
{
    "model": "planets.planetstorage",
    "pk": 2570,
    "fields": {
        "planet": 69,
        "element": 18,
        "price": 140
    }
},
{
    "model": "planets.planetstorage",
    "pk": 2571,
    "fields": {
        "planet": 69,
        "element": 8,
        "price": 34
    }
},
{
    "model": "planets.planetstorage",
    "pk": 2572,
    "fields": {
        "planet": 69,
        "element": 13,
        "price": 282
    }
},
{
    "model": "planets.planetstorage",
    "pk": 2573,
    "fields": {
        "planet": 69,
        "element": 4,
        "price": 249
    }
},
{
    "model": "planets.planetstorage",
    "pk": 2574,
    "fields": {
        "planet": 70,
        "element": 13,
        "price": 475
    }
},
{
    "model": "planets.planetstorage",
    "pk": 2575,
    "fields": {
        "planet": 70,
        "element": 4,
        "price": 107
    }
},
{
    "model": "planets.planetstorage",
    "pk": 2576,
    "fields": {
        "planet": 70,
        "element": 8,
        "price": 11
    }
},
{
    "model": "planets.planetstorage",
    "pk": 2577,
    "fields": {
        "planet": 70,
        "element": 3,
        "price": 105
    }
},
{
    "model": "planets.planetstorage",
    "pk": 2578,
    "fields": {
        "planet": 70,
        "element": 9,
        "price": 31
    }
},
{
    "model": "planets.planetstorage",
    "pk": 2579,
    "fields": {
        "planet": 70,
        "element": 12,
        "price": 105
    }
},
{
    "model": "planets.planetstorage",
    "pk": 2580,
    "fields": {
        "planet": 70,
        "element": 11,
        "price": 116
    }
},
{
    "model": "planets.planetstorage",
    "pk": 2581,
    "fields": {
        "planet": 70,
        "element": 1,
        "price": 124
    }
},
{
    "model": "planets.planetstorage",
    "pk": 2582,
    "fields": {
        "planet": 70,
        "element": 14,
        "price": 60
    }
},
{
    "model": "planets.planetstorage",
    "pk": 2583,
    "fields": {
        "planet": 70,
        "element": 18,
        "price": 68
    }
},
{
    "model": "planets.planetstorage",
    "pk": 2584,
    "fields": {
        "planet": 71,
        "element": 1,
        "price": 169
    }
},
{
    "model": "planets.planetstorage",
    "pk": 2585,
    "fields": {
        "planet": 71,
        "element": 20,
        "price": 198
    }
},
{
    "model": "planets.planetstorage",
    "pk": 2586,
    "fields": {
        "planet": 71,
        "element": 19,
        "price": 61
    }
},
{
    "model": "planets.planetstorage",
    "pk": 2587,
    "fields": {
        "planet": 71,
        "element": 14,
        "price": 184
    }
},
{
    "model": "planets.planetstorage",
    "pk": 2588,
    "fields": {
        "planet": 71,
        "element": 17,
        "price": 56
    }
},
{
    "model": "planets.planetstorage",
    "pk": 2589,
    "fields": {
        "planet": 71,
        "element": 5,
        "price": 182
    }
},
{
    "model": "planets.planetstorage",
    "pk": 2590,
    "fields": {
        "planet": 71,
        "element": 4,
        "price": 76
    }
},
{
    "model": "planets.planetstorage",
    "pk": 2591,
    "fields": {
        "planet": 71,
        "element": 15,
        "price": 99
    }
},
{
    "model": "planets.planetstorage",
    "pk": 2592,
    "fields": {
        "planet": 71,
        "element": 12,
        "price": 31
    }
},
{
    "model": "planets.planetstorage",
    "pk": 2593,
    "fields": {
        "planet": 71,
        "element": 9,
        "price": 23
    }
},
{
    "model": "planets.planetstorage",
    "pk": 2594,
    "fields": {
        "planet": 72,
        "element": 9,
        "price": 95
    }
},
{
    "model": "planets.planetstorage",
    "pk": 2595,
    "fields": {
        "planet": 72,
        "element": 11,
        "price": 308
    }
},
{
    "model": "planets.planetstorage",
    "pk": 2596,
    "fields": {
        "planet": 72,
        "element": 7,
        "price": 1
    }
},
{
    "model": "planets.planetstorage",
    "pk": 2597,
    "fields": {
        "planet": 72,
        "element": 5,
        "price": 216
    }
},
{
    "model": "planets.planetstorage",
    "pk": 2598,
    "fields": {
        "planet": 72,
        "element": 3,
        "price": 314
    }
},
{
    "model": "planets.planetstorage",
    "pk": 2599,
    "fields": {
        "planet": 72,
        "element": 19,
        "price": 172
    }
},
{
    "model": "planets.planetstorage",
    "pk": 2600,
    "fields": {
        "planet": 72,
        "element": 12,
        "price": 34
    }
},
{
    "model": "planets.planetstorage",
    "pk": 2601,
    "fields": {
        "planet": 72,
        "element": 16,
        "price": 1
    }
},
{
    "model": "planets.planetstorage",
    "pk": 2602,
    "fields": {
        "planet": 72,
        "element": 15,
        "price": 277
    }
},
{
    "model": "planets.planetstorage",
    "pk": 2603,
    "fields": {
        "planet": 72,
        "element": 13,
        "price": 188
    }
},
{
    "model": "planets.planetstorage",
    "pk": 2604,
    "fields": {
        "planet": 73,
        "element": 11,
        "price": 360
    }
},
{
    "model": "planets.planetstorage",
    "pk": 2605,
    "fields": {
        "planet": 73,
        "element": 17,
        "price": 32
    }
},
{
    "model": "planets.planetstorage",
    "pk": 2606,
    "fields": {
        "planet": 73,
        "element": 15,
        "price": 170
    }
},
{
    "model": "planets.planetstorage",
    "pk": 2607,
    "fields": {
        "planet": 73,
        "element": 20,
        "price": 143
    }
},
{
    "model": "planets.planetstorage",
    "pk": 2608,
    "fields": {
        "planet": 73,
        "element": 7,
        "price": 1
    }
},
{
    "model": "planets.planetstorage",
    "pk": 2609,
    "fields": {
        "planet": 73,
        "element": 18,
        "price": 109
    }
},
{
    "model": "planets.planetstorage",
    "pk": 2610,
    "fields": {
        "planet": 73,
        "element": 14,
        "price": 66
    }
},
{
    "model": "planets.planetstorage",
    "pk": 2611,
    "fields": {
        "planet": 73,
        "element": 2,
        "price": 276
    }
},
{
    "model": "planets.planetstorage",
    "pk": 2612,
    "fields": {
        "planet": 73,
        "element": 12,
        "price": 17
    }
},
{
    "model": "planets.planetstorage",
    "pk": 2613,
    "fields": {
        "planet": 73,
        "element": 6,
        "price": 137
    }
},
{
    "model": "planets.planetstorage",
    "pk": 2614,
    "fields": {
        "planet": 74,
        "element": 17,
        "price": 72
    }
},
{
    "model": "planets.planetstorage",
    "pk": 2615,
    "fields": {
        "planet": 74,
        "element": 19,
        "price": 32
    }
},
{
    "model": "planets.planetstorage",
    "pk": 2616,
    "fields": {
        "planet": 74,
        "element": 14,
        "price": 128
    }
},
{
    "model": "planets.planetstorage",
    "pk": 2617,
    "fields": {
        "planet": 74,
        "element": 6,
        "price": 89
    }
},
{
    "model": "planets.planetstorage",
    "pk": 2618,
    "fields": {
        "planet": 74,
        "element": 4,
        "price": 217
    }
},
{
    "model": "planets.planetstorage",
    "pk": 2619,
    "fields": {
        "planet": 74,
        "element": 2,
        "price": 169
    }
},
{
    "model": "planets.planetstorage",
    "pk": 2620,
    "fields": {
        "planet": 74,
        "element": 11,
        "price": 330
    }
},
{
    "model": "planets.planetstorage",
    "pk": 2621,
    "fields": {
        "planet": 74,
        "element": 10,
        "price": 145
    }
},
{
    "model": "planets.planetstorage",
    "pk": 2622,
    "fields": {
        "planet": 74,
        "element": 16,
        "price": 1
    }
},
{
    "model": "planets.planetstorage",
    "pk": 2623,
    "fields": {
        "planet": 74,
        "element": 9,
        "price": 57
    }
},
{
    "model": "planets.planetstorage",
    "pk": 2624,
    "fields": {
        "planet": 75,
        "element": 10,
        "price": 174
    }
},
{
    "model": "planets.planetstorage",
    "pk": 2625,
    "fields": {
        "planet": 75,
        "element": 1,
        "price": 411
    }
},
{
    "model": "planets.planetstorage",
    "pk": 2626,
    "fields": {
        "planet": 75,
        "element": 9,
        "price": 78
    }
},
{
    "model": "planets.planetstorage",
    "pk": 2627,
    "fields": {
        "planet": 75,
        "element": 16,
        "price": 1
    }
},
{
    "model": "planets.planetstorage",
    "pk": 2628,
    "fields": {
        "planet": 75,
        "element": 8,
        "price": 24
    }
},
{
    "model": "planets.planetstorage",
    "pk": 2629,
    "fields": {
        "planet": 75,
        "element": 12,
        "price": 57
    }
},
{
    "model": "planets.planetstorage",
    "pk": 2630,
    "fields": {
        "planet": 75,
        "element": 18,
        "price": 170
    }
},
{
    "model": "planets.planetstorage",
    "pk": 2631,
    "fields": {
        "planet": 75,
        "element": 20,
        "price": 334
    }
},
{
    "model": "planets.planetstorage",
    "pk": 2632,
    "fields": {
        "planet": 75,
        "element": 6,
        "price": 47
    }
},
{
    "model": "planets.planetstorage",
    "pk": 2633,
    "fields": {
        "planet": 75,
        "element": 14,
        "price": 38
    }
},
{
    "model": "planets.planetstorage",
    "pk": 2634,
    "fields": {
        "planet": 76,
        "element": 18,
        "price": 100
    }
},
{
    "model": "planets.planetstorage",
    "pk": 2635,
    "fields": {
        "planet": 76,
        "element": 2,
        "price": 357
    }
},
{
    "model": "planets.planetstorage",
    "pk": 2636,
    "fields": {
        "planet": 76,
        "element": 5,
        "price": 265
    }
},
{
    "model": "planets.planetstorage",
    "pk": 2637,
    "fields": {
        "planet": 76,
        "element": 1,
        "price": 453
    }
},
{
    "model": "planets.planetstorage",
    "pk": 2638,
    "fields": {
        "planet": 76,
        "element": 12,
        "price": 70
    }
},
{
    "model": "planets.planetstorage",
    "pk": 2639,
    "fields": {
        "planet": 76,
        "element": 4,
        "price": 39
    }
},
{
    "model": "planets.planetstorage",
    "pk": 2640,
    "fields": {
        "planet": 76,
        "element": 3,
        "price": 168
    }
},
{
    "model": "planets.planetstorage",
    "pk": 2641,
    "fields": {
        "planet": 76,
        "element": 19,
        "price": 158
    }
},
{
    "model": "planets.planetstorage",
    "pk": 2642,
    "fields": {
        "planet": 76,
        "element": 15,
        "price": 283
    }
},
{
    "model": "planets.planetstorage",
    "pk": 2643,
    "fields": {
        "planet": 76,
        "element": 6,
        "price": 28
    }
},
{
    "model": "planets.planetstorage",
    "pk": 2644,
    "fields": {
        "planet": 77,
        "element": 4,
        "price": 104
    }
},
{
    "model": "planets.planetstorage",
    "pk": 2645,
    "fields": {
        "planet": 77,
        "element": 6,
        "price": 87
    }
},
{
    "model": "planets.planetstorage",
    "pk": 2646,
    "fields": {
        "planet": 77,
        "element": 15,
        "price": 64
    }
},
{
    "model": "planets.planetstorage",
    "pk": 2647,
    "fields": {
        "planet": 77,
        "element": 11,
        "price": 265
    }
},
{
    "model": "planets.planetstorage",
    "pk": 2648,
    "fields": {
        "planet": 77,
        "element": 14,
        "price": 76
    }
},
{
    "model": "planets.planetstorage",
    "pk": 2649,
    "fields": {
        "planet": 77,
        "element": 18,
        "price": 188
    }
},
{
    "model": "planets.planetstorage",
    "pk": 2650,
    "fields": {
        "planet": 77,
        "element": 9,
        "price": 81
    }
},
{
    "model": "planets.planetstorage",
    "pk": 2651,
    "fields": {
        "planet": 77,
        "element": 3,
        "price": 191
    }
},
{
    "model": "planets.planetstorage",
    "pk": 2652,
    "fields": {
        "planet": 77,
        "element": 13,
        "price": 437
    }
},
{
    "model": "planets.planetstorage",
    "pk": 2653,
    "fields": {
        "planet": 77,
        "element": 17,
        "price": 44
    }
},
{
    "model": "admin.logentry",
    "pk": 1,
    "fields": {
        "action_time": "2017-11-15T14:13:06.047Z",
        "user": [
            "admin@email.com"
        ],
        "content_type": [
            "elements",
            "element"
        ],
        "object_id": "1",
        "object_repr": "Zorkium",
        "action_flag": 1,
        "change_message": "[{\"added\": {}}]"
    }
},
{
    "model": "admin.logentry",
    "pk": 2,
    "fields": {
        "action_time": "2017-11-15T14:13:29.945Z",
        "user": [
            "admin@email.com"
        ],
        "content_type": [
            "elements",
            "element"
        ],
        "object_id": "2",
        "object_repr": "Glorpidium",
        "action_flag": 1,
        "change_message": "[{\"added\": {}}]"
    }
},
{
    "model": "admin.logentry",
    "pk": 3,
    "fields": {
        "action_time": "2017-11-15T14:13:57.651Z",
        "user": [
            "admin@email.com"
        ],
        "content_type": [
            "companies",
            "companystorage"
        ],
        "object_id": "1",
        "object_repr": "The Overlord - Zorkium",
        "action_flag": 1,
        "change_message": "[{\"added\": {}}]"
    }
},
{
    "model": "admin.logentry",
    "pk": 4,
    "fields": {
        "action_time": "2017-11-15T14:14:10.390Z",
        "user": [
            "admin@email.com"
        ],
        "content_type": [
            "companies",
            "companystorage"
        ],
        "object_id": "2",
        "object_repr": "The Overlord - Glorpidium",
        "action_flag": 1,
        "change_message": "[{\"added\": {}}]"
    }
},
{
    "model": "admin.logentry",
    "pk": 5,
    "fields": {
        "action_time": "2017-11-15T15:05:02.400Z",
        "user": [
            "admin@email.com"
        ],
        "content_type": [
            "accounts",
            "user"
        ],
        "object_id": "2",
        "object_repr": "1@1.com",
        "action_flag": 3,
        "change_message": ""
    }
},
{
    "model": "admin.logentry",
    "pk": 6,
    "fields": {
        "action_time": "2017-11-15T15:05:02.407Z",
        "user": [
            "admin@email.com"
        ],
        "content_type": [
            "accounts",
            "user"
        ],
        "object_id": "3",
        "object_repr": "3@3.com",
        "action_flag": 3,
        "change_message": ""
    }
},
{
    "model": "admin.logentry",
    "pk": 7,
    "fields": {
        "action_time": "2017-11-15T15:05:02.413Z",
        "user": [
            "admin@email.com"
        ],
        "content_type": [
            "accounts",
            "user"
        ],
        "object_id": "4",
        "object_repr": "4@4.com",
        "action_flag": 3,
        "change_message": ""
    }
},
{
    "model": "admin.logentry",
    "pk": 8,
    "fields": {
        "action_time": "2017-11-15T15:05:02.419Z",
        "user": [
            "admin@email.com"
        ],
        "content_type": [
            "accounts",
            "user"
        ],
        "object_id": "5",
        "object_repr": "6@6.com",
        "action_flag": 3,
        "change_message": ""
    }
},
{
    "model": "admin.logentry",
    "pk": 9,
    "fields": {
        "action_time": "2017-11-15T15:05:02.426Z",
        "user": [
            "admin@email.com"
        ],
        "content_type": [
            "accounts",
            "user"
        ],
        "object_id": "6",
        "object_repr": "9@9.com",
        "action_flag": 3,
        "change_message": ""
    }
},
{
    "model": "admin.logentry",
    "pk": 10,
    "fields": {
        "action_time": "2017-11-15T15:28:25.653Z",
        "user": [
            "admin@email.com"
        ],
        "content_type": [
            "elements",
            "element"
        ],
        "object_id": "2",
        "object_repr": "Glorpidium - GAS",
        "action_flag": 2,
        "change_message": "[{\"changed\": {\"fields\": [\"state\"]}}]"
    }
},
{
    "model": "admin.logentry",
    "pk": 11,
    "fields": {
        "action_time": "2017-11-15T15:28:31.628Z",
        "user": [
            "admin@email.com"
        ],
        "content_type": [
            "elements",
            "element"
        ],
        "object_id": "1",
        "object_repr": "Zorkium - LIQ",
        "action_flag": 2,
        "change_message": "[{\"changed\": {\"fields\": [\"state\"]}}]"
    }
},
{
    "model": "admin.logentry",
    "pk": 12,
    "fields": {
        "action_time": "2017-11-15T16:14:34.034Z",
        "user": [
            "admin@email.com"
        ],
        "content_type": [
            "accounts",
            "user"
        ],
        "object_id": "7",
        "object_repr": "1@1.com",
        "action_flag": 3,
        "change_message": ""
    }
},
{
    "model": "admin.logentry",
    "pk": 13,
    "fields": {
        "action_time": "2017-11-15T17:16:01.800Z",
        "user": [
            "admin@email.com"
        ],
        "content_type": [
            "accounts",
            "user"
        ],
        "object_id": "8",
        "object_repr": "2@2.com",
        "action_flag": 1,
        "change_message": "[{\"added\": {}}]"
    }
},
{
    "model": "admin.logentry",
    "pk": 14,
    "fields": {
        "action_time": "2017-11-15T17:16:41.141Z",
        "user": [
            "admin@email.com"
        ],
        "content_type": [
            "companies",
            "company"
        ],
        "object_id": "8",
        "object_repr": "Hello",
        "action_flag": 1,
        "change_message": "[{\"added\": {}}]"
    }
},
{
    "model": "admin.logentry",
    "pk": 15,
    "fields": {
        "action_time": "2017-11-15T17:17:08.320Z",
        "user": [
            "admin@email.com"
        ],
        "content_type": [
            "companies",
            "companystorage"
        ],
        "object_id": "7",
        "object_repr": "Hello - Zorkium - LIQ",
        "action_flag": 1,
        "change_message": "[{\"added\": {}}]"
    }
},
{
    "model": "admin.logentry",
    "pk": 16,
    "fields": {
        "action_time": "2017-11-15T17:17:20.179Z",
        "user": [
            "admin@email.com"
        ],
        "content_type": [
            "companies",
            "companystorage"
        ],
        "object_id": "8",
        "object_repr": "Hello - Glorpidium - GAS",
        "action_flag": 1,
        "change_message": "[{\"added\": {}}]"
    }
},
{
    "model": "admin.logentry",
    "pk": 17,
    "fields": {
        "action_time": "2017-11-15T17:20:48.456Z",
        "user": [
            "admin@email.com"
        ],
        "content_type": [
            "companies",
            "companytrade"
        ],
        "object_id": "1",
        "object_repr": "2017-11-15 17:20:46.661000+00:00",
        "action_flag": 1,
        "change_message": "[{\"added\": {}}]"
    }
},
{
    "model": "admin.logentry",
    "pk": 18,
    "fields": {
        "action_time": "2017-11-15T20:16:00.439Z",
        "user": [
            "admin@email.com"
        ],
        "content_type": [
            "accounts",
            "user"
        ],
        "object_id": "9",
        "object_repr": "1@1.com",
        "action_flag": 3,
        "change_message": ""
    }
},
{
    "model": "admin.logentry",
    "pk": 19,
    "fields": {
        "action_time": "2017-11-15T20:16:00.446Z",
        "user": [
            "admin@email.com"
        ],
        "content_type": [
            "accounts",
            "user"
        ],
        "object_id": "8",
        "object_repr": "2@2.com",
        "action_flag": 3,
        "change_message": ""
    }
},
{
    "model": "admin.logentry",
    "pk": 20,
    "fields": {
        "action_time": "2017-11-15T23:49:08.492Z",
        "user": [
            "admin@email.com"
        ],
        "content_type": [
            "companies",
            "companytrade"
        ],
        "object_id": "15",
        "object_repr": "2 - The Overlord - 2017-11-15 23:09:39.563000+00:00",
        "action_flag": 3,
        "change_message": ""
    }
},
{
    "model": "admin.logentry",
    "pk": 21,
    "fields": {
        "action_time": "2017-11-15T23:49:08.506Z",
        "user": [
            "admin@email.com"
        ],
        "content_type": [
            "companies",
            "companytrade"
        ],
        "object_id": "14",
        "object_repr": "2 - The Overlord - 2017-11-15 23:09:39.563000+00:00",
        "action_flag": 3,
        "change_message": ""
    }
},
{
    "model": "admin.logentry",
    "pk": 22,
    "fields": {
        "action_time": "2017-11-15T23:49:08.513Z",
        "user": [
            "admin@email.com"
        ],
        "content_type": [
            "companies",
            "companytrade"
        ],
        "object_id": "13",
        "object_repr": "2 - The Overlord - 2017-11-15 23:09:39.563000+00:00",
        "action_flag": 3,
        "change_message": ""
    }
},
{
    "model": "admin.logentry",
    "pk": 23,
    "fields": {
        "action_time": "2017-11-15T23:49:08.518Z",
        "user": [
            "admin@email.com"
        ],
        "content_type": [
            "companies",
            "companytrade"
        ],
        "object_id": "12",
        "object_repr": "2 - The Overlord - 2017-11-15 23:09:39.563000+00:00",
        "action_flag": 3,
        "change_message": ""
    }
},
{
    "model": "admin.logentry",
    "pk": 24,
    "fields": {
        "action_time": "2017-11-15T23:49:08.525Z",
        "user": [
            "admin@email.com"
        ],
        "content_type": [
            "companies",
            "companytrade"
        ],
        "object_id": "11",
        "object_repr": "2 - The Overlord - 2017-11-15 23:09:39.563000+00:00",
        "action_flag": 3,
        "change_message": ""
    }
},
{
    "model": "admin.logentry",
    "pk": 25,
    "fields": {
        "action_time": "2017-11-15T23:49:08.531Z",
        "user": [
            "admin@email.com"
        ],
        "content_type": [
            "companies",
            "companytrade"
        ],
        "object_id": "10",
        "object_repr": "2 - The Overlord - 2017-11-15 23:09:39.563000+00:00",
        "action_flag": 3,
        "change_message": ""
    }
},
{
    "model": "admin.logentry",
    "pk": 26,
    "fields": {
        "action_time": "2017-11-15T23:49:08.537Z",
        "user": [
            "admin@email.com"
        ],
        "content_type": [
            "companies",
            "companytrade"
        ],
        "object_id": "9",
        "object_repr": "2 - 1 - 2017-11-15 23:09:39.563000+00:00",
        "action_flag": 3,
        "change_message": ""
    }
},
{
    "model": "admin.logentry",
    "pk": 27,
    "fields": {
        "action_time": "2017-11-15T23:49:08.543Z",
        "user": [
            "admin@email.com"
        ],
        "content_type": [
            "companies",
            "companytrade"
        ],
        "object_id": "8",
        "object_repr": "2 - 1 - 2017-11-15 23:09:39.563000+00:00",
        "action_flag": 3,
        "change_message": ""
    }
},
{
    "model": "admin.logentry",
    "pk": 28,
    "fields": {
        "action_time": "2017-11-15T23:49:08.549Z",
        "user": [
            "admin@email.com"
        ],
        "content_type": [
            "companies",
            "companytrade"
        ],
        "object_id": "7",
        "object_repr": "2 - 1 - 2017-11-15 23:09:39.563000+00:00",
        "action_flag": 3,
        "change_message": ""
    }
},
{
    "model": "admin.logentry",
    "pk": 29,
    "fields": {
        "action_time": "2017-11-15T23:49:08.555Z",
        "user": [
            "admin@email.com"
        ],
        "content_type": [
            "companies",
            "companytrade"
        ],
        "object_id": "6",
        "object_repr": "2 - 1 - 2017-11-15 23:09:39.563000+00:00",
        "action_flag": 3,
        "change_message": ""
    }
},
{
    "model": "admin.logentry",
    "pk": 30,
    "fields": {
        "action_time": "2017-11-15T23:49:08.561Z",
        "user": [
            "admin@email.com"
        ],
        "content_type": [
            "companies",
            "companytrade"
        ],
        "object_id": "5",
        "object_repr": "2 - 1 - 2017-11-15 23:09:39.563000+00:00",
        "action_flag": 3,
        "change_message": ""
    }
},
{
    "model": "admin.logentry",
    "pk": 31,
    "fields": {
        "action_time": "2017-11-15T23:49:08.567Z",
        "user": [
            "admin@email.com"
        ],
        "content_type": [
            "companies",
            "companytrade"
        ],
        "object_id": "4",
        "object_repr": "2 - 1 - 2017-11-15 23:09:39.563000+00:00",
        "action_flag": 3,
        "change_message": ""
    }
},
{
    "model": "admin.logentry",
    "pk": 32,
    "fields": {
        "action_time": "2017-11-15T23:49:08.573Z",
        "user": [
            "admin@email.com"
        ],
        "content_type": [
            "companies",
            "companytrade"
        ],
        "object_id": "3",
        "object_repr": "2 - 1 - 2017-11-15 23:09:39.563000+00:00",
        "action_flag": 3,
        "change_message": ""
    }
},
{
    "model": "admin.logentry",
    "pk": 33,
    "fields": {
        "action_time": "2017-11-15T23:49:08.579Z",
        "user": [
            "admin@email.com"
        ],
        "content_type": [
            "companies",
            "companytrade"
        ],
        "object_id": "2",
        "object_repr": "2 - 1 - 2017-11-15 23:09:39.563000+00:00",
        "action_flag": 3,
        "change_message": ""
    }
},
{
    "model": "admin.logentry",
    "pk": 34,
    "fields": {
        "action_time": "2017-11-15T23:49:17.293Z",
        "user": [
            "admin@email.com"
        ],
        "content_type": [
            "companies",
            "companytrade"
        ],
        "object_id": "19",
        "object_repr": "2 - The Overlord - 2017-11-15 23:09:39.563000+00:00",
        "action_flag": 3,
        "change_message": ""
    }
},
{
    "model": "admin.logentry",
    "pk": 35,
    "fields": {
        "action_time": "2017-11-15T23:49:17.299Z",
        "user": [
            "admin@email.com"
        ],
        "content_type": [
            "companies",
            "companytrade"
        ],
        "object_id": "18",
        "object_repr": "2 - The Overlord - 2017-11-15 23:09:39.563000+00:00",
        "action_flag": 3,
        "change_message": ""
    }
},
{
    "model": "admin.logentry",
    "pk": 36,
    "fields": {
        "action_time": "2017-11-15T23:49:17.305Z",
        "user": [
            "admin@email.com"
        ],
        "content_type": [
            "companies",
            "companytrade"
        ],
        "object_id": "17",
        "object_repr": "2 - The Overlord - 2017-11-15 23:09:39.563000+00:00",
        "action_flag": 3,
        "change_message": ""
    }
},
{
    "model": "admin.logentry",
    "pk": 37,
    "fields": {
        "action_time": "2017-11-15T23:49:17.311Z",
        "user": [
            "admin@email.com"
        ],
        "content_type": [
            "companies",
            "companytrade"
        ],
        "object_id": "16",
        "object_repr": "2 - The Overlord - 2017-11-15 23:09:39.563000+00:00",
        "action_flag": 3,
        "change_message": ""
    }
},
{
    "model": "admin.logentry",
    "pk": 38,
    "fields": {
        "action_time": "2017-11-16T00:42:00.182Z",
        "user": [
            "admin@email.com"
        ],
        "content_type": [
            "companies",
            "companytrade"
        ],
        "object_id": "33",
        "object_repr": "5 - 2",
        "action_flag": 2,
        "change_message": "[]"
    }
},
{
    "model": "admin.logentry",
    "pk": 39,
    "fields": {
        "action_time": "2017-11-16T00:49:49.825Z",
        "user": [
            "admin@email.com"
        ],
        "content_type": [
            "companies",
            "companytrade"
        ],
        "object_id": "35",
        "object_repr": "8 - 2",
        "action_flag": 3,
        "change_message": ""
    }
},
{
    "model": "admin.logentry",
    "pk": 40,
    "fields": {
        "action_time": "2017-11-16T00:49:49.831Z",
        "user": [
            "admin@email.com"
        ],
        "content_type": [
            "companies",
            "companytrade"
        ],
        "object_id": "34",
        "object_repr": "8 - 2",
        "action_flag": 3,
        "change_message": ""
    }
},
{
    "model": "admin.logentry",
    "pk": 41,
    "fields": {
        "action_time": "2017-11-16T00:49:49.839Z",
        "user": [
            "admin@email.com"
        ],
        "content_type": [
            "companies",
            "companytrade"
        ],
        "object_id": "33",
        "object_repr": "5 - 2",
        "action_flag": 3,
        "change_message": ""
    }
},
{
    "model": "admin.logentry",
    "pk": 42,
    "fields": {
        "action_time": "2017-11-16T00:49:49.846Z",
        "user": [
            "admin@email.com"
        ],
        "content_type": [
            "companies",
            "companytrade"
        ],
        "object_id": "32",
        "object_repr": "5 - 2",
        "action_flag": 3,
        "change_message": ""
    }
},
{
    "model": "admin.logentry",
    "pk": 43,
    "fields": {
        "action_time": "2017-11-16T00:49:49.853Z",
        "user": [
            "admin@email.com"
        ],
        "content_type": [
            "companies",
            "companytrade"
        ],
        "object_id": "31",
        "object_repr": "5 - 2",
        "action_flag": 3,
        "change_message": ""
    }
},
{
    "model": "admin.logentry",
    "pk": 44,
    "fields": {
        "action_time": "2017-11-16T00:49:49.860Z",
        "user": [
            "admin@email.com"
        ],
        "content_type": [
            "companies",
            "companytrade"
        ],
        "object_id": "30",
        "object_repr": "5 - 2",
        "action_flag": 3,
        "change_message": ""
    }
},
{
    "model": "admin.logentry",
    "pk": 45,
    "fields": {
        "action_time": "2017-11-16T00:49:49.868Z",
        "user": [
            "admin@email.com"
        ],
        "content_type": [
            "companies",
            "companytrade"
        ],
        "object_id": "29",
        "object_repr": "2 - The Overlord",
        "action_flag": 3,
        "change_message": ""
    }
},
{
    "model": "admin.logentry",
    "pk": 46,
    "fields": {
        "action_time": "2017-11-16T00:49:49.875Z",
        "user": [
            "admin@email.com"
        ],
        "content_type": [
            "companies",
            "companytrade"
        ],
        "object_id": "28",
        "object_repr": "2 - The Overlord",
        "action_flag": 3,
        "change_message": ""
    }
},
{
    "model": "admin.logentry",
    "pk": 47,
    "fields": {
        "action_time": "2017-11-16T00:49:49.882Z",
        "user": [
            "admin@email.com"
        ],
        "content_type": [
            "companies",
            "companytrade"
        ],
        "object_id": "27",
        "object_repr": "2 - The Overlord",
        "action_flag": 3,
        "change_message": ""
    }
},
{
    "model": "admin.logentry",
    "pk": 48,
    "fields": {
        "action_time": "2017-11-16T00:49:49.888Z",
        "user": [
            "admin@email.com"
        ],
        "content_type": [
            "companies",
            "companytrade"
        ],
        "object_id": "26",
        "object_repr": "2 - The Overlord",
        "action_flag": 3,
        "change_message": ""
    }
},
{
    "model": "admin.logentry",
    "pk": 49,
    "fields": {
        "action_time": "2017-11-16T00:49:49.895Z",
        "user": [
            "admin@email.com"
        ],
        "content_type": [
            "companies",
            "companytrade"
        ],
        "object_id": "25",
        "object_repr": "2 - The Overlord",
        "action_flag": 3,
        "change_message": ""
    }
},
{
    "model": "admin.logentry",
    "pk": 50,
    "fields": {
        "action_time": "2017-11-16T00:49:49.901Z",
        "user": [
            "admin@email.com"
        ],
        "content_type": [
            "companies",
            "companytrade"
        ],
        "object_id": "24",
        "object_repr": "2 - The Overlord",
        "action_flag": 3,
        "change_message": ""
    }
},
{
    "model": "admin.logentry",
    "pk": 51,
    "fields": {
        "action_time": "2017-11-16T00:49:49.908Z",
        "user": [
            "admin@email.com"
        ],
        "content_type": [
            "companies",
            "companytrade"
        ],
        "object_id": "23",
        "object_repr": "2 - The Overlord",
        "action_flag": 3,
        "change_message": ""
    }
},
{
    "model": "admin.logentry",
    "pk": 52,
    "fields": {
        "action_time": "2017-11-16T00:49:49.914Z",
        "user": [
            "admin@email.com"
        ],
        "content_type": [
            "companies",
            "companytrade"
        ],
        "object_id": "22",
        "object_repr": "2 - The Overlord",
        "action_flag": 3,
        "change_message": ""
    }
},
{
    "model": "admin.logentry",
    "pk": 53,
    "fields": {
        "action_time": "2017-11-16T00:49:49.920Z",
        "user": [
            "admin@email.com"
        ],
        "content_type": [
            "companies",
            "companytrade"
        ],
        "object_id": "21",
        "object_repr": "2 - The Overlord",
        "action_flag": 3,
        "change_message": ""
    }
},
{
    "model": "admin.logentry",
    "pk": 54,
    "fields": {
        "action_time": "2017-11-16T00:49:49.927Z",
        "user": [
            "admin@email.com"
        ],
        "content_type": [
            "companies",
            "companytrade"
        ],
        "object_id": "20",
        "object_repr": "2 - The Overlord",
        "action_flag": 3,
        "change_message": ""
    }
},
{
    "model": "admin.logentry",
    "pk": 55,
    "fields": {
        "action_time": "2017-11-16T02:21:23.639Z",
        "user": [
            "admin@email.com"
        ],
        "content_type": [
            "accounts",
            "user"
        ],
        "object_id": "10",
        "object_repr": "1@1.com",
        "action_flag": 3,
        "change_message": ""
    }
},
{
    "model": "admin.logentry",
    "pk": 56,
    "fields": {
        "action_time": "2017-11-16T02:21:23.647Z",
        "user": [
            "admin@email.com"
        ],
        "content_type": [
            "accounts",
            "user"
        ],
        "object_id": "11",
        "object_repr": "2@2.com",
        "action_flag": 3,
        "change_message": ""
    }
},
{
    "model": "admin.logentry",
    "pk": 57,
    "fields": {
        "action_time": "2017-11-16T02:21:23.655Z",
        "user": [
            "admin@email.com"
        ],
        "content_type": [
            "accounts",
            "user"
        ],
        "object_id": "12",
        "object_repr": "5@5.com",
        "action_flag": 3,
        "change_message": ""
    }
},
{
    "model": "admin.logentry",
    "pk": 58,
    "fields": {
        "action_time": "2017-11-16T02:21:23.662Z",
        "user": [
            "admin@email.com"
        ],
        "content_type": [
            "accounts",
            "user"
        ],
        "object_id": "13",
        "object_repr": "7@7.com",
        "action_flag": 3,
        "change_message": ""
    }
},
{
    "model": "admin.logentry",
    "pk": 59,
    "fields": {
        "action_time": "2017-11-16T02:21:23.669Z",
        "user": [
            "admin@email.com"
        ],
        "content_type": [
            "accounts",
            "user"
        ],
        "object_id": "14",
        "object_repr": "8@8.com",
        "action_flag": 3,
        "change_message": ""
    }
},
{
    "model": "admin.logentry",
    "pk": 60,
    "fields": {
        "action_time": "2017-11-16T02:22:00.142Z",
        "user": [
            "admin@email.com"
        ],
        "content_type": [
            "elements",
            "element"
        ],
        "object_id": "2",
        "object_repr": "Glorpidium - GAS",
        "action_flag": 2,
        "change_message": "[{\"changed\": {\"fields\": [\"color\"]}}]"
    }
},
{
    "model": "admin.logentry",
    "pk": 61,
    "fields": {
        "action_time": "2017-11-16T02:22:09.150Z",
        "user": [
            "admin@email.com"
        ],
        "content_type": [
            "elements",
            "element"
        ],
        "object_id": "1",
        "object_repr": "Zorkium - LIQ",
        "action_flag": 2,
        "change_message": "[{\"changed\": {\"fields\": [\"color\"]}}]"
    }
},
{
    "model": "admin.logentry",
    "pk": 62,
    "fields": {
        "action_time": "2017-11-16T02:22:29.326Z",
        "user": [
            "admin@email.com"
        ],
        "content_type": [
            "elements",
            "element"
        ],
        "object_id": "3",
        "object_repr": "Asimovium - GAS",
        "action_flag": 1,
        "change_message": "[{\"added\": {}}]"
    }
},
{
    "model": "admin.logentry",
    "pk": 63,
    "fields": {
        "action_time": "2017-11-16T02:22:45.301Z",
        "user": [
            "admin@email.com"
        ],
        "content_type": [
            "elements",
            "element"
        ],
        "object_id": "4",
        "object_repr": "Mortonium - GAS",
        "action_flag": 1,
        "change_message": "[{\"added\": {}}]"
    }
},
{
    "model": "admin.logentry",
    "pk": 64,
    "fields": {
        "action_time": "2017-11-16T02:23:01.676Z",
        "user": [
            "admin@email.com"
        ],
        "content_type": [
            "elements",
            "element"
        ],
        "object_id": "5",
        "object_repr": "Gorkite - GAS",
        "action_flag": 1,
        "change_message": "[{\"added\": {}}]"
    }
},
{
    "model": "admin.logentry",
    "pk": 65,
    "fields": {
        "action_time": "2017-11-16T02:23:15.026Z",
        "user": [
            "admin@email.com"
        ],
        "content_type": [
            "elements",
            "element"
        ],
        "object_id": "6",
        "object_repr": "Xanonite - GAS",
        "action_flag": 1,
        "change_message": "[{\"added\": {}}]"
    }
},
{
    "model": "admin.logentry",
    "pk": 66,
    "fields": {
        "action_time": "2017-11-16T02:23:31.310Z",
        "user": [
            "admin@email.com"
        ],
        "content_type": [
            "elements",
            "element"
        ],
        "object_id": "7",
        "object_repr": "Ubikite - GAS",
        "action_flag": 1,
        "change_message": "[{\"added\": {}}]"
    }
},
{
    "model": "admin.logentry",
    "pk": 67,
    "fields": {
        "action_time": "2017-11-16T02:23:52.659Z",
        "user": [
            "admin@email.com"
        ],
        "content_type": [
            "elements",
            "element"
        ],
        "object_id": "8",
        "object_repr": "Gorp - GAS",
        "action_flag": 1,
        "change_message": "[{\"added\": {}}]"
    }
},
{
    "model": "admin.logentry",
    "pk": 68,
    "fields": {
        "action_time": "2017-11-16T02:24:08.267Z",
        "user": [
            "admin@email.com"
        ],
        "content_type": [
            "elements",
            "element"
        ],
        "object_id": "9",
        "object_repr": "Qudite - GAS",
        "action_flag": 1,
        "change_message": "[{\"added\": {}}]"
    }
},
{
    "model": "admin.logentry",
    "pk": 69,
    "fields": {
        "action_time": "2017-11-16T02:24:37.972Z",
        "user": [
            "admin@email.com"
        ],
        "content_type": [
            "elements",
            "element"
        ],
        "object_id": "10",
        "object_repr": "Omide - GAS",
        "action_flag": 1,
        "change_message": "[{\"added\": {}}]"
    }
},
{
    "model": "admin.logentry",
    "pk": 70,
    "fields": {
        "action_time": "2017-11-16T02:24:45.630Z",
        "user": [
            "admin@email.com"
        ],
        "content_type": [
            "elements",
            "element"
        ],
        "object_id": "2",
        "object_repr": "Glorpidium - GAS",
        "action_flag": 2,
        "change_message": "[{\"changed\": {\"fields\": [\"tag\"]}}]"
    }
},
{
    "model": "admin.logentry",
    "pk": 71,
    "fields": {
        "action_time": "2017-11-16T02:29:19.968Z",
        "user": [
            "admin@email.com"
        ],
        "content_type": [
            "accounts",
            "user"
        ],
        "object_id": "15",
        "object_repr": "1@1.com",
        "action_flag": 3,
        "change_message": ""
    }
},
{
    "model": "admin.logentry",
    "pk": 72,
    "fields": {
        "action_time": "2017-11-16T03:41:45.532Z",
        "user": [
            "admin@email.com"
        ],
        "content_type": [
            "elements",
            "element"
        ],
        "object_id": "2",
        "object_repr": "Glorpidium - GAS",
        "action_flag": 2,
        "change_message": "[{\"changed\": {\"fields\": [\"color\"]}}]"
    }
},
{
    "model": "admin.logentry",
    "pk": 73,
    "fields": {
        "action_time": "2017-11-16T03:41:52.917Z",
        "user": [
            "admin@email.com"
        ],
        "content_type": [
            "elements",
            "element"
        ],
        "object_id": "1",
        "object_repr": "Zorkium - LIQ",
        "action_flag": 2,
        "change_message": "[{\"changed\": {\"fields\": [\"color\"]}}]"
    }
},
{
    "model": "admin.logentry",
    "pk": 74,
    "fields": {
        "action_time": "2017-11-16T17:41:05.786Z",
        "user": [
            "admin@email.com"
        ],
        "content_type": [
            "accounts",
            "user"
        ],
        "object_id": "16",
        "object_repr": "1@1.com",
        "action_flag": 3,
        "change_message": ""
    }
},
{
    "model": "admin.logentry",
    "pk": 75,
    "fields": {
        "action_time": "2017-11-16T17:41:05.794Z",
        "user": [
            "admin@email.com"
        ],
        "content_type": [
            "accounts",
            "user"
        ],
        "object_id": "17",
        "object_repr": "2@2.com",
        "action_flag": 3,
        "change_message": ""
    }
},
{
    "model": "admin.logentry",
    "pk": 76,
    "fields": {
        "action_time": "2017-11-16T17:41:05.801Z",
        "user": [
            "admin@email.com"
        ],
        "content_type": [
            "accounts",
            "user"
        ],
        "object_id": "18",
        "object_repr": "3@3.com",
        "action_flag": 3,
        "change_message": ""
    }
},
{
    "model": "admin.logentry",
    "pk": 77,
    "fields": {
        "action_time": "2017-11-16T17:41:05.807Z",
        "user": [
            "admin@email.com"
        ],
        "content_type": [
            "accounts",
            "user"
        ],
        "object_id": "19",
        "object_repr": "4@4.com",
        "action_flag": 3,
        "change_message": ""
    }
},
{
    "model": "admin.logentry",
    "pk": 78,
    "fields": {
        "action_time": "2017-11-16T18:07:36.179Z",
        "user": [
            "admin@email.com"
        ],
        "content_type": [
            "companies",
            "companytrade"
        ],
        "object_id": "68",
        "object_repr": "The Mortiest Morty's - Beeblebrox Ltd",
        "action_flag": 3,
        "change_message": ""
    }
},
{
    "model": "admin.logentry",
    "pk": 79,
    "fields": {
        "action_time": "2017-11-16T18:07:36.187Z",
        "user": [
            "admin@email.com"
        ],
        "content_type": [
            "companies",
            "companytrade"
        ],
        "object_id": "67",
        "object_repr": "The Mortiest Morty's - GlorgleBrax Prime",
        "action_flag": 3,
        "change_message": ""
    }
},
{
    "model": "admin.logentry",
    "pk": 80,
    "fields": {
        "action_time": "2017-11-16T18:07:36.194Z",
        "user": [
            "admin@email.com"
        ],
        "content_type": [
            "companies",
            "companytrade"
        ],
        "object_id": "66",
        "object_repr": "The Mortiest Morty's - GlorgleBrax Prime",
        "action_flag": 3,
        "change_message": ""
    }
},
{
    "model": "admin.logentry",
    "pk": 81,
    "fields": {
        "action_time": "2017-11-16T19:08:48.219Z",
        "user": [
            "admin@email.com"
        ],
        "content_type": [
            "ships",
            "spaceship"
        ],
        "object_id": "1",
        "object_repr": "Cargo-Glork Mk.I",
        "action_flag": 1,
        "change_message": "[{\"added\": {}}]"
    }
},
{
    "model": "admin.logentry",
    "pk": 82,
    "fields": {
        "action_time": "2017-11-16T19:10:30.646Z",
        "user": [
            "admin@email.com"
        ],
        "content_type": [
            "companies",
            "ownership"
        ],
        "object_id": "1",
        "object_repr": "GlorgleBrax Prime",
        "action_flag": 1,
        "change_message": "[{\"added\": {}}]"
    }
},
{
    "model": "admin.logentry",
    "pk": 83,
    "fields": {
        "action_time": "2017-11-16T19:36:58.872Z",
        "user": [
            "admin@email.com"
        ],
        "content_type": [
            "ships",
            "spaceship"
        ],
        "object_id": "1",
        "object_repr": "Cargo-Glork Mk.I",
        "action_flag": 2,
        "change_message": "[{\"changed\": {\"fields\": [\"image\"]}}]"
    }
},
{
    "model": "admin.logentry",
    "pk": 84,
    "fields": {
        "action_time": "2017-11-16T20:20:41.144Z",
        "user": [
            "admin@email.com"
        ],
        "content_type": [
            "ships",
            "spaceship"
        ],
        "object_id": "1",
        "object_repr": "Cargo-Glork Mk.I",
        "action_flag": 2,
        "change_message": "[{\"changed\": {\"fields\": [\"description\", \"image\"]}}]"
    }
},
{
    "model": "admin.logentry",
    "pk": 85,
    "fields": {
        "action_time": "2017-11-16T20:22:35.855Z",
        "user": [
            "admin@email.com"
        ],
        "content_type": [
            "ships",
            "spaceship"
        ],
        "object_id": "2",
        "object_repr": "The Space Beetle",
        "action_flag": 1,
        "change_message": "[{\"added\": {}}]"
    }
},
{
    "model": "admin.logentry",
    "pk": 86,
    "fields": {
        "action_time": "2017-11-16T20:24:05.269Z",
        "user": [
            "admin@email.com"
        ],
        "content_type": [
            "ships",
            "spaceship"
        ],
        "object_id": "2",
        "object_repr": "Clarke Labs Hauler08",
        "action_flag": 2,
        "change_message": "[{\"changed\": {\"fields\": [\"ship\"]}}]"
    }
},
{
    "model": "admin.logentry",
    "pk": 87,
    "fields": {
        "action_time": "2017-11-16T20:29:58.281Z",
        "user": [
            "admin@email.com"
        ],
        "content_type": [
            "ships",
            "spaceship"
        ],
        "object_id": "2",
        "object_repr": "Clarke Labs Hauler08",
        "action_flag": 2,
        "change_message": "[{\"changed\": {\"fields\": [\"image\"]}}]"
    }
},
{
    "model": "admin.logentry",
    "pk": 88,
    "fields": {
        "action_time": "2017-11-16T20:30:05.448Z",
        "user": [
            "admin@email.com"
        ],
        "content_type": [
            "ships",
            "spaceship"
        ],
        "object_id": "1",
        "object_repr": "Cargo-Glork Mk.I",
        "action_flag": 2,
        "change_message": "[{\"changed\": {\"fields\": [\"image\"]}}]"
    }
},
{
    "model": "admin.logentry",
    "pk": 89,
    "fields": {
        "action_time": "2017-11-16T21:23:37.770Z",
        "user": [
            "admin@email.com"
        ],
        "content_type": [
            "ships",
            "spaceship"
        ],
        "object_id": "2",
        "object_repr": "Clarke Labs Hauler08",
        "action_flag": 2,
        "change_message": "[{\"changed\": {\"fields\": [\"description\"]}}]"
    }
},
{
    "model": "admin.logentry",
    "pk": 90,
    "fields": {
        "action_time": "2017-11-16T21:27:17.764Z",
        "user": [
            "admin@email.com"
        ],
        "content_type": [
            "ships",
            "spaceship"
        ],
        "object_id": "2",
        "object_repr": "Clarke Labs Hauler08",
        "action_flag": 2,
        "change_message": "[{\"changed\": {\"fields\": [\"description\"]}}]"
    }
},
{
    "model": "admin.logentry",
    "pk": 91,
    "fields": {
        "action_time": "2017-11-16T23:05:14.386Z",
        "user": [
            "admin@email.com"
        ],
        "content_type": [
            "ships",
            "spaceship"
        ],
        "object_id": "1",
        "object_repr": "Cargo-Glork Mk.I",
        "action_flag": 2,
        "change_message": "[{\"changed\": {\"fields\": [\"description\", \"speed\", \"price\", \"cargo_space\"]}}]"
    }
},
{
    "model": "admin.logentry",
    "pk": 92,
    "fields": {
        "action_time": "2017-11-16T23:06:59.073Z",
        "user": [
            "admin@email.com"
        ],
        "content_type": [
            "ships",
            "spaceship"
        ],
        "object_id": "2",
        "object_repr": "Clarke Labs Hauler08",
        "action_flag": 2,
        "change_message": "[{\"changed\": {\"fields\": [\"price\", \"cargo_space\"]}}]"
    }
},
{
    "model": "admin.logentry",
    "pk": 93,
    "fields": {
        "action_time": "2017-11-16T23:12:42.360Z",
        "user": [
            "admin@email.com"
        ],
        "content_type": [
            "ships",
            "spaceship"
        ],
        "object_id": "3",
        "object_repr": "Shard Vx313",
        "action_flag": 1,
        "change_message": "[{\"added\": {}}]"
    }
},
{
    "model": "admin.logentry",
    "pk": 94,
    "fields": {
        "action_time": "2017-11-17T01:25:52.472Z",
        "user": [
            "admin@email.com"
        ],
        "content_type": [
            "mining",
            "mine"
        ],
        "object_id": "1",
        "object_repr": "Small Mine",
        "action_flag": 1,
        "change_message": "[{\"added\": {}}]"
    }
},
{
    "model": "admin.logentry",
    "pk": 95,
    "fields": {
        "action_time": "2017-11-17T01:26:09.996Z",
        "user": [
            "admin@email.com"
        ],
        "content_type": [
            "mining",
            "mine"
        ],
        "object_id": "1",
        "object_repr": "Small Mine",
        "action_flag": 3,
        "change_message": ""
    }
},
{
    "model": "admin.logentry",
    "pk": 96,
    "fields": {
        "action_time": "2017-11-17T01:29:11.277Z",
        "user": [
            "admin@email.com"
        ],
        "content_type": [
            "mining",
            "mine"
        ],
        "object_id": "1",
        "object_repr": "Tiny",
        "action_flag": 1,
        "change_message": "[{\"added\": {}}]"
    }
},
{
    "model": "admin.logentry",
    "pk": 97,
    "fields": {
        "action_time": "2017-11-17T01:30:28.959Z",
        "user": [
            "admin@email.com"
        ],
        "content_type": [
            "mining",
            "mine"
        ],
        "object_id": "1",
        "object_repr": "Tiny",
        "action_flag": 2,
        "change_message": "[{\"changed\": {\"fields\": [\"image\"]}}]"
    }
},
{
    "model": "admin.logentry",
    "pk": 98,
    "fields": {
        "action_time": "2017-11-17T14:18:04.535Z",
        "user": [
            "admin@email.com"
        ],
        "content_type": [
            "ships",
            "spaceship"
        ],
        "object_id": "2",
        "object_repr": "Clarke Labs Odyssey",
        "action_flag": 2,
        "change_message": "[{\"changed\": {\"fields\": [\"ship\"]}}]"
    }
},
{
    "model": "admin.logentry",
    "pk": 99,
    "fields": {
        "action_time": "2017-11-17T14:25:31.231Z",
        "user": [
            "admin@email.com"
        ],
        "content_type": [
            "ships",
            "spaceship"
        ],
        "object_id": "4",
        "object_repr": "Daneel-R",
        "action_flag": 1,
        "change_message": "[{\"added\": {}}]"
    }
},
{
    "model": "admin.logentry",
    "pk": 100,
    "fields": {
        "action_time": "2017-11-17T18:40:21.493Z",
        "user": [
            "admin@email.com"
        ],
        "content_type": [
            "companies",
            "companytrade"
        ],
        "object_id": "77",
        "object_repr": "Planet Express - The Mortiest Morty's",
        "action_flag": 3,
        "change_message": ""
    }
},
{
    "model": "admin.logentry",
    "pk": 101,
    "fields": {
        "action_time": "2017-11-17T18:40:21.500Z",
        "user": [
            "admin@email.com"
        ],
        "content_type": [
            "companies",
            "companytrade"
        ],
        "object_id": "76",
        "object_repr": "Planet Express - The Mortiest Morty's",
        "action_flag": 3,
        "change_message": ""
    }
},
{
    "model": "admin.logentry",
    "pk": 102,
    "fields": {
        "action_time": "2017-11-17T18:40:21.506Z",
        "user": [
            "admin@email.com"
        ],
        "content_type": [
            "companies",
            "companytrade"
        ],
        "object_id": "75",
        "object_repr": "Planet Express - The Rickest Ricks",
        "action_flag": 3,
        "change_message": ""
    }
},
{
    "model": "admin.logentry",
    "pk": 103,
    "fields": {
        "action_time": "2017-11-17T18:40:21.512Z",
        "user": [
            "admin@email.com"
        ],
        "content_type": [
            "companies",
            "companytrade"
        ],
        "object_id": "74",
        "object_repr": "Planet Express - The Mortiest Morty's",
        "action_flag": 3,
        "change_message": ""
    }
},
{
    "model": "admin.logentry",
    "pk": 104,
    "fields": {
        "action_time": "2017-11-17T18:40:21.519Z",
        "user": [
            "admin@email.com"
        ],
        "content_type": [
            "companies",
            "companytrade"
        ],
        "object_id": "73",
        "object_repr": "Beeblebrox Ltd - The Rickest Ricks",
        "action_flag": 3,
        "change_message": ""
    }
},
{
    "model": "admin.logentry",
    "pk": 105,
    "fields": {
        "action_time": "2017-11-17T18:40:21.525Z",
        "user": [
            "admin@email.com"
        ],
        "content_type": [
            "companies",
            "companytrade"
        ],
        "object_id": "72",
        "object_repr": "Beeblebrox Ltd - The Mortiest Morty's",
        "action_flag": 3,
        "change_message": ""
    }
},
{
    "model": "admin.logentry",
    "pk": 106,
    "fields": {
        "action_time": "2017-11-17T18:40:21.531Z",
        "user": [
            "admin@email.com"
        ],
        "content_type": [
            "companies",
            "companytrade"
        ],
        "object_id": "71",
        "object_repr": "Beeblebrox Ltd - GlorgleBrax Prime",
        "action_flag": 3,
        "change_message": ""
    }
},
{
    "model": "admin.logentry",
    "pk": 107,
    "fields": {
        "action_time": "2017-11-17T18:40:21.538Z",
        "user": [
            "admin@email.com"
        ],
        "content_type": [
            "companies",
            "companytrade"
        ],
        "object_id": "70",
        "object_repr": "The Mortiest Morty's - Beeblebrox Ltd",
        "action_flag": 3,
        "change_message": ""
    }
},
{
    "model": "admin.logentry",
    "pk": 108,
    "fields": {
        "action_time": "2017-11-17T18:40:21.545Z",
        "user": [
            "admin@email.com"
        ],
        "content_type": [
            "companies",
            "companytrade"
        ],
        "object_id": "69",
        "object_repr": "The Mortiest Morty's - GlorgleBrax Prime",
        "action_flag": 3,
        "change_message": ""
    }
},
{
    "model": "admin.logentry",
    "pk": 109,
    "fields": {
        "action_time": "2017-11-20T14:45:21.577Z",
        "user": [
            "admin@email.com"
        ],
        "content_type": [
            "ships",
            "spaceship"
        ],
        "object_id": "1",
        "object_repr": "Cargo-Glork Mk.I",
        "action_flag": 2,
        "change_message": "[{\"changed\": {\"fields\": [\"manufacturer\", \"description\"]}}]"
    }
},
{
    "model": "admin.logentry",
    "pk": 110,
    "fields": {
        "action_time": "2017-11-20T14:48:21.160Z",
        "user": [
            "admin@email.com"
        ],
        "content_type": [
            "ships",
            "spaceship"
        ],
        "object_id": "4",
        "object_repr": "Daneel-R F",
        "action_flag": 2,
        "change_message": "[{\"changed\": {\"fields\": [\"manufacturer\"]}}]"
    }
},
{
    "model": "admin.logentry",
    "pk": 111,
    "fields": {
        "action_time": "2017-11-20T14:52:29.045Z",
        "user": [
            "admin@email.com"
        ],
        "content_type": [
            "ships",
            "spaceship"
        ],
        "object_id": "5",
        "object_repr": "Mosquito F",
        "action_flag": 1,
        "change_message": "[{\"added\": {}}]"
    }
},
{
    "model": "admin.logentry",
    "pk": 112,
    "fields": {
        "action_time": "2017-11-20T14:55:36.320Z",
        "user": [
            "admin@email.com"
        ],
        "content_type": [
            "ships",
            "spaceship"
        ],
        "object_id": "6",
        "object_repr": "Lance CL",
        "action_flag": 1,
        "change_message": "[{\"added\": {}}]"
    }
},
{
    "model": "admin.logentry",
    "pk": 113,
    "fields": {
        "action_time": "2017-11-20T14:55:51.256Z",
        "user": [
            "admin@email.com"
        ],
        "content_type": [
            "ships",
            "spaceship"
        ],
        "object_id": "6",
        "object_repr": "Lance F",
        "action_flag": 2,
        "change_message": "[{\"changed\": {\"fields\": [\"manufacturer\"]}}]"
    }
},
{
    "model": "admin.logentry",
    "pk": 114,
    "fields": {
        "action_time": "2017-11-20T14:58:27.619Z",
        "user": [
            "admin@email.com"
        ],
        "content_type": [
            "ships",
            "spaceship"
        ],
        "object_id": "7",
        "object_repr": "Pebble CL",
        "action_flag": 1,
        "change_message": "[{\"added\": {}}]"
    }
},
{
    "model": "admin.logentry",
    "pk": 115,
    "fields": {
        "action_time": "2017-11-20T15:00:14.021Z",
        "user": [
            "admin@email.com"
        ],
        "content_type": [
            "ships",
            "spaceship"
        ],
        "object_id": "8",
        "object_repr": "Glork Hauler CL",
        "action_flag": 1,
        "change_message": "[{\"added\": {}}]"
    }
},
{
    "model": "admin.logentry",
    "pk": 116,
    "fields": {
        "action_time": "2017-11-20T15:01:38.944Z",
        "user": [
            "admin@email.com"
        ],
        "content_type": [
            "ships",
            "spaceship"
        ],
        "object_id": "9",
        "object_repr": "Glork Titan ZS",
        "action_flag": 1,
        "change_message": "[{\"added\": {}}]"
    }
},
{
    "model": "admin.logentry",
    "pk": 117,
    "fields": {
        "action_time": "2017-11-21T15:39:21.775Z",
        "user": [
            "admin@email.com"
        ],
        "content_type": [
            "mining",
            "mine"
        ],
        "object_id": "1",
        "object_repr": "Tiny",
        "action_flag": 3,
        "change_message": ""
    }
},
{
    "model": "admin.logentry",
    "pk": 118,
    "fields": {
        "action_time": "2017-11-21T23:50:11.090Z",
        "user": [
            "admin@email.com"
        ],
        "content_type": [
            "mining",
            "mine"
        ],
        "object_id": "2",
        "object_repr": "Tiny",
        "action_flag": 1,
        "change_message": "[{\"added\": {}}]"
    }
},
{
    "model": "admin.logentry",
    "pk": 119,
    "fields": {
        "action_time": "2017-11-21T23:52:04.167Z",
        "user": [
            "admin@email.com"
        ],
        "content_type": [
            "mining",
            "mine"
        ],
        "object_id": "3",
        "object_repr": "Medium",
        "action_flag": 1,
        "change_message": "[{\"added\": {}}]"
    }
},
{
    "model": "admin.logentry",
    "pk": 120,
    "fields": {
        "action_time": "2017-11-21T23:53:55.991Z",
        "user": [
            "admin@email.com"
        ],
        "content_type": [
            "companies",
            "mineownership"
        ],
        "object_id": "1",
        "object_repr": "The Overlord - Medium",
        "action_flag": 1,
        "change_message": "[{\"added\": {}}]"
    }
},
{
    "model": "admin.logentry",
    "pk": 121,
    "fields": {
        "action_time": "2017-11-22T00:37:39.388Z",
        "user": [
            "admin@email.com"
        ],
        "content_type": [
            "mining",
            "mine"
        ],
        "object_id": "3",
        "object_repr": "Medium",
        "action_flag": 2,
        "change_message": "[{\"changed\": {\"fields\": [\"production\"]}}]"
    }
},
{
    "model": "admin.logentry",
    "pk": 122,
    "fields": {
        "action_time": "2017-11-22T00:39:09.575Z",
        "user": [
            "admin@email.com"
        ],
        "content_type": [
            "mining",
            "mine"
        ],
        "object_id": "3",
        "object_repr": "Medium",
        "action_flag": 2,
        "change_message": "[{\"changed\": {\"fields\": [\"mine_size_mod\"]}}]"
    }
},
{
    "model": "admin.logentry",
    "pk": 123,
    "fields": {
        "action_time": "2017-11-22T01:04:55.599Z",
        "user": [
            "admin@email.com"
        ],
        "content_type": [
            "mining",
            "mine"
        ],
        "object_id": "3",
        "object_repr": "Medium",
        "action_flag": 2,
        "change_message": "[{\"changed\": {\"fields\": [\"image\"]}}]"
    }
},
{
    "model": "admin.logentry",
    "pk": 124,
    "fields": {
        "action_time": "2017-11-22T01:19:08.418Z",
        "user": [
            "admin@email.com"
        ],
        "content_type": [
            "mining",
            "mine"
        ],
        "object_id": "3",
        "object_repr": "Medium",
        "action_flag": 2,
        "change_message": "[{\"changed\": {\"fields\": [\"level\"]}}]"
    }
},
{
    "model": "admin.logentry",
    "pk": 125,
    "fields": {
        "action_time": "2017-11-22T01:20:05.472Z",
        "user": [
            "admin@email.com"
        ],
        "content_type": [
            "mining",
            "mine"
        ],
        "object_id": "4",
        "object_repr": "Huge",
        "action_flag": 1,
        "change_message": "[{\"added\": {}}]"
    }
},
{
    "model": "admin.logentry",
    "pk": 126,
    "fields": {
        "action_time": "2017-11-22T01:20:11.682Z",
        "user": [
            "admin@email.com"
        ],
        "content_type": [
            "mining",
            "mine"
        ],
        "object_id": "3",
        "object_repr": "Medium",
        "action_flag": 2,
        "change_message": "[{\"changed\": {\"fields\": [\"production\"]}}]"
    }
},
{
    "model": "admin.logentry",
    "pk": 127,
    "fields": {
        "action_time": "2017-11-22T01:20:25.021Z",
        "user": [
            "admin@email.com"
        ],
        "content_type": [
            "mining",
            "mine"
        ],
        "object_id": "4",
        "object_repr": "Huge",
        "action_flag": 2,
        "change_message": "[{\"changed\": {\"fields\": [\"production\"]}}]"
    }
},
{
    "model": "admin.logentry",
    "pk": 128,
    "fields": {
        "action_time": "2017-11-22T01:31:42.457Z",
        "user": [
            "admin@email.com"
        ],
        "content_type": [
            "companies",
            "mineownership"
        ],
        "object_id": "1",
        "object_repr": "The Overlord - Medium",
        "action_flag": 2,
        "change_message": "[{\"changed\": {\"fields\": [\"amount\"]}}]"
    }
},
{
    "model": "admin.logentry",
    "pk": 129,
    "fields": {
        "action_time": "2017-11-22T01:31:59.724Z",
        "user": [
            "admin@email.com"
        ],
        "content_type": [
            "companies",
            "mineownership"
        ],
        "object_id": "2",
        "object_repr": "The Overlord - Huge",
        "action_flag": 1,
        "change_message": "[{\"added\": {}}]"
    }
},
{
    "model": "admin.logentry",
    "pk": 130,
    "fields": {
        "action_time": "2017-11-22T01:34:18.817Z",
        "user": [
            "admin@email.com"
        ],
        "content_type": [
            "companies",
            "mineownership"
        ],
        "object_id": "1",
        "object_repr": "The Overlord - Huge",
        "action_flag": 2,
        "change_message": "[{\"changed\": {\"fields\": [\"mine\"]}}]"
    }
},
{
    "model": "admin.logentry",
    "pk": 131,
    "fields": {
        "action_time": "2017-11-22T03:41:40.515Z",
        "user": [
            "admin@email.com"
        ],
        "content_type": [
            "companies",
            "mineownership"
        ],
        "object_id": "3",
        "object_repr": "The Overlord - Tiny",
        "action_flag": 1,
        "change_message": "[{\"added\": {}}]"
    }
},
{
    "model": "admin.logentry",
    "pk": 132,
    "fields": {
        "action_time": "2017-11-22T14:09:45.734Z",
        "user": [
            "admin@email.com"
        ],
        "content_type": [
            "accounts",
            "user"
        ],
        "object_id": "28",
        "object_repr": "11@11.com",
        "action_flag": 3,
        "change_message": ""
    }
},
{
    "model": "admin.logentry",
    "pk": 133,
    "fields": {
        "action_time": "2017-11-22T14:09:45.745Z",
        "user": [
            "admin@email.com"
        ],
        "content_type": [
            "accounts",
            "user"
        ],
        "object_id": "24",
        "object_repr": "5@5.com",
        "action_flag": 3,
        "change_message": ""
    }
},
{
    "model": "admin.logentry",
    "pk": 134,
    "fields": {
        "action_time": "2017-11-22T14:09:45.752Z",
        "user": [
            "admin@email.com"
        ],
        "content_type": [
            "accounts",
            "user"
        ],
        "object_id": "25",
        "object_repr": "6@6.com",
        "action_flag": 3,
        "change_message": ""
    }
},
{
    "model": "admin.logentry",
    "pk": 135,
    "fields": {
        "action_time": "2017-11-22T14:09:45.758Z",
        "user": [
            "admin@email.com"
        ],
        "content_type": [
            "accounts",
            "user"
        ],
        "object_id": "26",
        "object_repr": "8@8.com",
        "action_flag": 3,
        "change_message": ""
    }
},
{
    "model": "admin.logentry",
    "pk": 136,
    "fields": {
        "action_time": "2017-11-22T14:09:45.765Z",
        "user": [
            "admin@email.com"
        ],
        "content_type": [
            "accounts",
            "user"
        ],
        "object_id": "27",
        "object_repr": "9@9.com",
        "action_flag": 3,
        "change_message": ""
    }
},
{
    "model": "admin.logentry",
    "pk": 137,
    "fields": {
        "action_time": "2017-11-24T16:58:06.429Z",
        "user": [
            "admin@email.com"
        ],
        "content_type": [
            "companies",
            "ownership"
        ],
        "object_id": "1",
        "object_repr": "GlorgleBrax Prime - Cargo-Glork Mk.I",
        "action_flag": 3,
        "change_message": ""
    }
},
{
    "model": "admin.logentry",
    "pk": 138,
    "fields": {
        "action_time": "2017-11-27T16:21:33.890Z",
        "user": [
            "admin@email.com"
        ],
        "content_type": [
            "companies",
            "company"
        ],
        "object_id": "1",
        "object_repr": "The Overlord",
        "action_flag": 2,
        "change_message": "[{\"changed\": {\"fields\": [\"money\"]}}]"
    }
},
{
    "model": "admin.logentry",
    "pk": 139,
    "fields": {
        "action_time": "2017-11-27T16:21:53.087Z",
        "user": [
            "admin@email.com"
        ],
        "content_type": [
            "companies",
            "company"
        ],
        "object_id": "29",
        "object_repr": "Zog",
        "action_flag": 2,
        "change_message": "[{\"changed\": {\"fields\": [\"money\"]}}]"
    }
},
{
    "model": "admin.logentry",
    "pk": 140,
    "fields": {
        "action_time": "2017-11-27T19:28:12.984Z",
        "user": [
            "admin@email.com"
        ],
        "content_type": [
            "companies",
            "companytrade"
        ],
        "object_id": "95",
        "object_repr": "Zog - The Overlord",
        "action_flag": 3,
        "change_message": ""
    }
},
{
    "model": "admin.logentry",
    "pk": 141,
    "fields": {
        "action_time": "2017-11-27T19:28:12.995Z",
        "user": [
            "admin@email.com"
        ],
        "content_type": [
            "companies",
            "companytrade"
        ],
        "object_id": "94",
        "object_repr": "Zog - GlorgleBrax Prime",
        "action_flag": 3,
        "change_message": ""
    }
},
{
    "model": "admin.logentry",
    "pk": 142,
    "fields": {
        "action_time": "2017-11-27T19:28:13.001Z",
        "user": [
            "admin@email.com"
        ],
        "content_type": [
            "companies",
            "companytrade"
        ],
        "object_id": "93",
        "object_repr": "Zog - Beeblebrox Ltd",
        "action_flag": 3,
        "change_message": ""
    }
},
{
    "model": "admin.logentry",
    "pk": 143,
    "fields": {
        "action_time": "2017-11-27T19:28:13.007Z",
        "user": [
            "admin@email.com"
        ],
        "content_type": [
            "companies",
            "companytrade"
        ],
        "object_id": "92",
        "object_repr": "Zog - Beeblebrox Ltd",
        "action_flag": 3,
        "change_message": ""
    }
},
{
    "model": "admin.logentry",
    "pk": 144,
    "fields": {
        "action_time": "2017-11-27T19:28:13.013Z",
        "user": [
            "admin@email.com"
        ],
        "content_type": [
            "companies",
            "companytrade"
        ],
        "object_id": "91",
        "object_repr": "Zog - The Overlord",
        "action_flag": 3,
        "change_message": ""
    }
},
{
    "model": "admin.logentry",
    "pk": 145,
    "fields": {
        "action_time": "2017-11-27T19:28:13.018Z",
        "user": [
            "admin@email.com"
        ],
        "content_type": [
            "companies",
            "companytrade"
        ],
        "object_id": "90",
        "object_repr": "Zog - GlorgleBrax Prime",
        "action_flag": 3,
        "change_message": ""
    }
},
{
    "model": "admin.logentry",
    "pk": 146,
    "fields": {
        "action_time": "2017-11-27T19:28:13.024Z",
        "user": [
            "admin@email.com"
        ],
        "content_type": [
            "companies",
            "companytrade"
        ],
        "object_id": "89",
        "object_repr": "Zog - The Rickest Ricks",
        "action_flag": 3,
        "change_message": ""
    }
},
{
    "model": "admin.logentry",
    "pk": 147,
    "fields": {
        "action_time": "2017-11-27T19:28:13.030Z",
        "user": [
            "admin@email.com"
        ],
        "content_type": [
            "companies",
            "companytrade"
        ],
        "object_id": "88",
        "object_repr": "Zog - Beeblebrox Ltd",
        "action_flag": 3,
        "change_message": ""
    }
},
{
    "model": "admin.logentry",
    "pk": 148,
    "fields": {
        "action_time": "2017-11-27T19:28:13.035Z",
        "user": [
            "admin@email.com"
        ],
        "content_type": [
            "companies",
            "companytrade"
        ],
        "object_id": "80",
        "object_repr": "Planet Express - GlorgleBrax Prime",
        "action_flag": 3,
        "change_message": ""
    }
},
{
    "model": "admin.logentry",
    "pk": 149,
    "fields": {
        "action_time": "2017-11-27T19:28:13.041Z",
        "user": [
            "admin@email.com"
        ],
        "content_type": [
            "companies",
            "companytrade"
        ],
        "object_id": "79",
        "object_repr": "Planet Express - GlorgleBrax Prime",
        "action_flag": 3,
        "change_message": ""
    }
},
{
    "model": "admin.logentry",
    "pk": 150,
    "fields": {
        "action_time": "2017-11-27T19:28:13.046Z",
        "user": [
            "admin@email.com"
        ],
        "content_type": [
            "companies",
            "companytrade"
        ],
        "object_id": "78",
        "object_repr": "Planet Express - The Overlord",
        "action_flag": 3,
        "change_message": ""
    }
},
{
    "model": "admin.logentry",
    "pk": 151,
    "fields": {
        "action_time": "2017-11-27T21:02:51.921Z",
        "user": [
            "admin@email.com"
        ],
        "content_type": [
            "companies",
            "companytrade"
        ],
        "object_id": "103",
        "object_repr": "Zog - GlorgleBrax Prime",
        "action_flag": 3,
        "change_message": ""
    }
},
{
    "model": "admin.logentry",
    "pk": 152,
    "fields": {
        "action_time": "2017-11-27T21:02:51.932Z",
        "user": [
            "admin@email.com"
        ],
        "content_type": [
            "companies",
            "companytrade"
        ],
        "object_id": "102",
        "object_repr": "Zog - Planet Express",
        "action_flag": 3,
        "change_message": ""
    }
},
{
    "model": "admin.logentry",
    "pk": 153,
    "fields": {
        "action_time": "2017-11-27T21:02:51.938Z",
        "user": [
            "admin@email.com"
        ],
        "content_type": [
            "companies",
            "companytrade"
        ],
        "object_id": "101",
        "object_repr": "Zog - Planet Express",
        "action_flag": 3,
        "change_message": ""
    }
},
{
    "model": "admin.logentry",
    "pk": 154,
    "fields": {
        "action_time": "2017-11-27T21:02:51.944Z",
        "user": [
            "admin@email.com"
        ],
        "content_type": [
            "companies",
            "companytrade"
        ],
        "object_id": "100",
        "object_repr": "Zog - Planet Express",
        "action_flag": 3,
        "change_message": ""
    }
},
{
    "model": "admin.logentry",
    "pk": 155,
    "fields": {
        "action_time": "2017-11-27T21:02:51.949Z",
        "user": [
            "admin@email.com"
        ],
        "content_type": [
            "companies",
            "companytrade"
        ],
        "object_id": "99",
        "object_repr": "Zog - Planet Express",
        "action_flag": 3,
        "change_message": ""
    }
},
{
    "model": "admin.logentry",
    "pk": 156,
    "fields": {
        "action_time": "2017-11-27T21:02:51.955Z",
        "user": [
            "admin@email.com"
        ],
        "content_type": [
            "companies",
            "companytrade"
        ],
        "object_id": "98",
        "object_repr": "Zog - Planet Express",
        "action_flag": 3,
        "change_message": ""
    }
},
{
    "model": "admin.logentry",
    "pk": 157,
    "fields": {
        "action_time": "2017-11-27T21:02:51.960Z",
        "user": [
            "admin@email.com"
        ],
        "content_type": [
            "companies",
            "companytrade"
        ],
        "object_id": "97",
        "object_repr": "Zog - Planet Express",
        "action_flag": 3,
        "change_message": ""
    }
},
{
    "model": "admin.logentry",
    "pk": 158,
    "fields": {
        "action_time": "2017-11-27T21:02:51.965Z",
        "user": [
            "admin@email.com"
        ],
        "content_type": [
            "companies",
            "companytrade"
        ],
        "object_id": "96",
        "object_repr": "Zog - Planet Express",
        "action_flag": 3,
        "change_message": ""
    }
},
{
    "model": "admin.logentry",
    "pk": 159,
    "fields": {
        "action_time": "2017-11-27T21:03:02.288Z",
        "user": [
            "admin@email.com"
        ],
        "content_type": [
            "companies",
            "ownership"
        ],
        "object_id": "6",
        "object_repr": "Zog - Cargo-Glork Mk.I",
        "action_flag": 3,
        "change_message": ""
    }
},
{
    "model": "admin.logentry",
    "pk": 160,
    "fields": {
        "action_time": "2017-11-27T21:03:02.300Z",
        "user": [
            "admin@email.com"
        ],
        "content_type": [
            "companies",
            "ownership"
        ],
        "object_id": "5",
        "object_repr": "Zog - Daneel-R",
        "action_flag": 3,
        "change_message": ""
    }
},
{
    "model": "admin.logentry",
    "pk": 161,
    "fields": {
        "action_time": "2017-11-27T21:03:02.306Z",
        "user": [
            "admin@email.com"
        ],
        "content_type": [
            "companies",
            "ownership"
        ],
        "object_id": "4",
        "object_repr": "Zog - Daneel-R",
        "action_flag": 3,
        "change_message": ""
    }
},
{
    "model": "admin.logentry",
    "pk": 162,
    "fields": {
        "action_time": "2017-11-27T21:03:02.311Z",
        "user": [
            "admin@email.com"
        ],
        "content_type": [
            "companies",
            "ownership"
        ],
        "object_id": "3",
        "object_repr": "Zog - Daneel-R",
        "action_flag": 3,
        "change_message": ""
    }
},
{
    "model": "admin.logentry",
    "pk": 163,
    "fields": {
        "action_time": "2017-11-27T21:03:02.317Z",
        "user": [
            "admin@email.com"
        ],
        "content_type": [
            "companies",
            "ownership"
        ],
        "object_id": "2",
        "object_repr": "Zog - Daneel-R",
        "action_flag": 3,
        "change_message": ""
    }
},
{
    "model": "admin.logentry",
    "pk": 164,
    "fields": {
        "action_time": "2017-11-27T21:03:10.773Z",
        "user": [
            "admin@email.com"
        ],
        "content_type": [
            "companies",
            "mineownership"
        ],
        "object_id": "6",
        "object_repr": "Zog - Medium",
        "action_flag": 3,
        "change_message": ""
    }
},
{
    "model": "admin.logentry",
    "pk": 165,
    "fields": {
        "action_time": "2017-11-27T21:03:10.785Z",
        "user": [
            "admin@email.com"
        ],
        "content_type": [
            "companies",
            "mineownership"
        ],
        "object_id": "5",
        "object_repr": "Zog - Tiny",
        "action_flag": 3,
        "change_message": ""
    }
},
{
    "model": "admin.logentry",
    "pk": 166,
    "fields": {
        "action_time": "2017-11-27T21:03:10.790Z",
        "user": [
            "admin@email.com"
        ],
        "content_type": [
            "companies",
            "mineownership"
        ],
        "object_id": "4",
        "object_repr": "Zog - Tiny",
        "action_flag": 3,
        "change_message": ""
    }
},
{
    "model": "admin.logentry",
    "pk": 167,
    "fields": {
        "action_time": "2017-11-27T21:03:10.797Z",
        "user": [
            "admin@email.com"
        ],
        "content_type": [
            "companies",
            "mineownership"
        ],
        "object_id": "3",
        "object_repr": "The Overlord - Tiny",
        "action_flag": 3,
        "change_message": ""
    }
},
{
    "model": "admin.logentry",
    "pk": 168,
    "fields": {
        "action_time": "2017-11-27T21:03:10.802Z",
        "user": [
            "admin@email.com"
        ],
        "content_type": [
            "companies",
            "mineownership"
        ],
        "object_id": "2",
        "object_repr": "The Overlord - Huge",
        "action_flag": 3,
        "change_message": ""
    }
},
{
    "model": "admin.logentry",
    "pk": 169,
    "fields": {
        "action_time": "2017-11-27T21:03:10.808Z",
        "user": [
            "admin@email.com"
        ],
        "content_type": [
            "companies",
            "mineownership"
        ],
        "object_id": "1",
        "object_repr": "The Overlord - Huge",
        "action_flag": 3,
        "change_message": ""
    }
},
{
    "model": "admin.logentry",
    "pk": 170,
    "fields": {
        "action_time": "2017-11-27T21:08:43.031Z",
        "user": [
            "admin@email.com"
        ],
        "content_type": [
            "companies",
            "ownership"
        ],
        "object_id": "7",
        "object_repr": "The Overlord - Cargo-Glork Mk.I",
        "action_flag": 1,
        "change_message": "[{\"added\": {}}]"
    }
},
{
    "model": "admin.logentry",
    "pk": 171,
    "fields": {
        "action_time": "2017-11-27T21:08:49.710Z",
        "user": [
            "admin@email.com"
        ],
        "content_type": [
            "companies",
            "ownership"
        ],
        "object_id": "8",
        "object_repr": "GlorgleBrax Prime - Cargo-Glork Mk.I",
        "action_flag": 1,
        "change_message": "[{\"added\": {}}]"
    }
},
{
    "model": "admin.logentry",
    "pk": 172,
    "fields": {
        "action_time": "2017-11-27T21:08:55.303Z",
        "user": [
            "admin@email.com"
        ],
        "content_type": [
            "companies",
            "ownership"
        ],
        "object_id": "9",
        "object_repr": "Beeblebrox Ltd - Cargo-Glork Mk.I",
        "action_flag": 1,
        "change_message": "[{\"added\": {}}]"
    }
},
{
    "model": "admin.logentry",
    "pk": 173,
    "fields": {
        "action_time": "2017-11-27T21:09:01.749Z",
        "user": [
            "admin@email.com"
        ],
        "content_type": [
            "companies",
            "ownership"
        ],
        "object_id": "10",
        "object_repr": "Planet Express - Cargo-Glork Mk.I",
        "action_flag": 1,
        "change_message": "[{\"added\": {}}]"
    }
},
{
    "model": "admin.logentry",
    "pk": 174,
    "fields": {
        "action_time": "2017-11-27T21:09:07.056Z",
        "user": [
            "admin@email.com"
        ],
        "content_type": [
            "companies",
            "ownership"
        ],
        "object_id": "11",
        "object_repr": "The Rickest Ricks - Cargo-Glork Mk.I",
        "action_flag": 1,
        "change_message": "[{\"added\": {}}]"
    }
},
{
    "model": "admin.logentry",
    "pk": 175,
    "fields": {
        "action_time": "2017-11-27T21:09:16.823Z",
        "user": [
            "admin@email.com"
        ],
        "content_type": [
            "companies",
            "ownership"
        ],
        "object_id": "12",
        "object_repr": "Zog - Cargo-Glork Mk.I",
        "action_flag": 1,
        "change_message": "[{\"added\": {}}]"
    }
},
{
    "model": "admin.logentry",
    "pk": 176,
    "fields": {
        "action_time": "2017-11-27T22:50:49.495Z",
        "user": [
            "admin@email.com"
        ],
        "content_type": [
            "companies",
            "ownership"
        ],
        "object_id": "12",
        "object_repr": "Zog - Cargo-Glork Mk.I",
        "action_flag": 2,
        "change_message": "[{\"changed\": {\"fields\": [\"in_use\"]}}]"
    }
},
{
    "model": "admin.logentry",
    "pk": 177,
    "fields": {
        "action_time": "2017-11-28T00:43:23.605Z",
        "user": [
            "admin@email.com"
        ],
        "content_type": [
            "elements",
            "element"
        ],
        "object_id": "10",
        "object_repr": "Omide - 4",
        "action_flag": 2,
        "change_message": "[{\"changed\": {\"fields\": [\"weight\", \"rarity\"]}}]"
    }
},
{
    "model": "admin.logentry",
    "pk": 178,
    "fields": {
        "action_time": "2017-11-28T00:43:47.360Z",
        "user": [
            "admin@email.com"
        ],
        "content_type": [
            "elements",
            "element"
        ],
        "object_id": "9",
        "object_repr": "Qudite - 3",
        "action_flag": 2,
        "change_message": "[{\"changed\": {\"fields\": [\"weight\", \"rarity\"]}}]"
    }
},
{
    "model": "admin.logentry",
    "pk": 179,
    "fields": {
        "action_time": "2017-11-28T00:44:03.991Z",
        "user": [
            "admin@email.com"
        ],
        "content_type": [
            "elements",
            "element"
        ],
        "object_id": "8",
        "object_repr": "Gorp - 2",
        "action_flag": 2,
        "change_message": "[{\"changed\": {\"fields\": [\"weight\", \"rarity\"]}}]"
    }
},
{
    "model": "admin.logentry",
    "pk": 180,
    "fields": {
        "action_time": "2017-11-28T00:44:26.404Z",
        "user": [
            "admin@email.com"
        ],
        "content_type": [
            "elements",
            "element"
        ],
        "object_id": "7",
        "object_repr": "Ubikite - 1",
        "action_flag": 2,
        "change_message": "[{\"changed\": {\"fields\": [\"weight\"]}}]"
    }
},
{
    "model": "admin.logentry",
    "pk": 181,
    "fields": {
        "action_time": "2017-11-28T00:44:35.819Z",
        "user": [
            "admin@email.com"
        ],
        "content_type": [
            "elements",
            "element"
        ],
        "object_id": "6",
        "object_repr": "Xanonite - 5",
        "action_flag": 2,
        "change_message": "[{\"changed\": {\"fields\": [\"weight\", \"rarity\"]}}]"
    }
},
{
    "model": "admin.logentry",
    "pk": 182,
    "fields": {
        "action_time": "2017-11-28T00:44:49.304Z",
        "user": [
            "admin@email.com"
        ],
        "content_type": [
            "elements",
            "element"
        ],
        "object_id": "5",
        "object_repr": "Gorkite - 9",
        "action_flag": 2,
        "change_message": "[{\"changed\": {\"fields\": [\"weight\", \"rarity\"]}}]"
    }
},
{
    "model": "admin.logentry",
    "pk": 183,
    "fields": {
        "action_time": "2017-11-28T00:45:00.846Z",
        "user": [
            "admin@email.com"
        ],
        "content_type": [
            "elements",
            "element"
        ],
        "object_id": "4",
        "object_repr": "Mortonium - 6",
        "action_flag": 2,
        "change_message": "[{\"changed\": {\"fields\": [\"weight\", \"rarity\"]}}]"
    }
},
{
    "model": "admin.logentry",
    "pk": 184,
    "fields": {
        "action_time": "2017-11-28T00:45:17.042Z",
        "user": [
            "admin@email.com"
        ],
        "content_type": [
            "elements",
            "element"
        ],
        "object_id": "3",
        "object_repr": "Asimovium - 7",
        "action_flag": 2,
        "change_message": "[{\"changed\": {\"fields\": [\"weight\", \"rarity\"]}}]"
    }
},
{
    "model": "admin.logentry",
    "pk": 185,
    "fields": {
        "action_time": "2017-11-28T00:45:28.074Z",
        "user": [
            "admin@email.com"
        ],
        "content_type": [
            "elements",
            "element"
        ],
        "object_id": "2",
        "object_repr": "Glorpidium - 8",
        "action_flag": 2,
        "change_message": "[{\"changed\": {\"fields\": [\"weight\", \"rarity\"]}}]"
    }
},
{
    "model": "admin.logentry",
    "pk": 186,
    "fields": {
        "action_time": "2017-11-28T00:45:41.814Z",
        "user": [
            "admin@email.com"
        ],
        "content_type": [
            "elements",
            "element"
        ],
        "object_id": "1",
        "object_repr": "Zorkium - 10",
        "action_flag": 2,
        "change_message": "[{\"changed\": {\"fields\": [\"weight\", \"rarity\"]}}]"
    }
},
{
    "model": "admin.logentry",
    "pk": 187,
    "fields": {
        "action_time": "2017-11-28T00:46:41.710Z",
        "user": [
            "admin@email.com"
        ],
        "content_type": [
            "elements",
            "element"
        ],
        "object_id": "11",
        "object_repr": "Mooride - 8",
        "action_flag": 1,
        "change_message": "[{\"added\": {}}]"
    }
},
{
    "model": "admin.logentry",
    "pk": 188,
    "fields": {
        "action_time": "2017-11-28T00:47:21.575Z",
        "user": [
            "admin@email.com"
        ],
        "content_type": [
            "elements",
            "element"
        ],
        "object_id": "12",
        "object_repr": "Zoidium - 2",
        "action_flag": 1,
        "change_message": "[{\"added\": {}}]"
    }
},
{
    "model": "admin.logentry",
    "pk": 189,
    "fields": {
        "action_time": "2017-11-28T00:48:04.896Z",
        "user": [
            "admin@email.com"
        ],
        "content_type": [
            "elements",
            "element"
        ],
        "object_id": "13",
        "object_repr": "HALite - 10",
        "action_flag": 1,
        "change_message": "[{\"added\": {}}]"
    }
},
{
    "model": "admin.logentry",
    "pk": 190,
    "fields": {
        "action_time": "2017-11-28T00:48:36.634Z",
        "user": [
            "admin@email.com"
        ],
        "content_type": [
            "elements",
            "element"
        ],
        "object_id": "14",
        "object_repr": "Borxygen - 4",
        "action_flag": 1,
        "change_message": "[{\"added\": {}}]"
    }
},
{
    "model": "admin.logentry",
    "pk": 191,
    "fields": {
        "action_time": "2017-11-28T00:49:06.677Z",
        "user": [
            "admin@email.com"
        ],
        "content_type": [
            "elements",
            "element"
        ],
        "object_id": "15",
        "object_repr": "Korbite - 7",
        "action_flag": 1,
        "change_message": "[{\"added\": {}}]"
    }
},
{
    "model": "admin.logentry",
    "pk": 192,
    "fields": {
        "action_time": "2017-11-28T00:49:29.174Z",
        "user": [
            "admin@email.com"
        ],
        "content_type": [
            "elements",
            "element"
        ],
        "object_id": "16",
        "object_repr": "Leelonium - 1",
        "action_flag": 1,
        "change_message": "[{\"added\": {}}]"
    }
},
{
    "model": "admin.logentry",
    "pk": 193,
    "fields": {
        "action_time": "2017-11-28T00:49:50.228Z",
        "user": [
            "admin@email.com"
        ],
        "content_type": [
            "elements",
            "element"
        ],
        "object_id": "17",
        "object_repr": "Riplite - 3",
        "action_flag": 1,
        "change_message": "[{\"added\": {}}]"
    }
},
{
    "model": "admin.logentry",
    "pk": 194,
    "fields": {
        "action_time": "2017-11-28T00:50:09.027Z",
        "user": [
            "admin@email.com"
        ],
        "content_type": [
            "elements",
            "element"
        ],
        "object_id": "18",
        "object_repr": "Farnsworthium - 5",
        "action_flag": 1,
        "change_message": "[{\"added\": {}}]"
    }
},
{
    "model": "admin.logentry",
    "pk": 195,
    "fields": {
        "action_time": "2017-11-28T00:50:27.656Z",
        "user": [
            "admin@email.com"
        ],
        "content_type": [
            "elements",
            "element"
        ],
        "object_id": "19",
        "object_repr": "Valis - 6",
        "action_flag": 1,
        "change_message": "[{\"added\": {}}]"
    }
},
{
    "model": "admin.logentry",
    "pk": 196,
    "fields": {
        "action_time": "2017-11-28T00:50:48.794Z",
        "user": [
            "admin@email.com"
        ],
        "content_type": [
            "elements",
            "element"
        ],
        "object_id": "20",
        "object_repr": "Gertyine - 9",
        "action_flag": 1,
        "change_message": "[{\"added\": {}}]"
    }
},
{
    "model": "admin.logentry",
    "pk": 197,
    "fields": {
        "action_time": "2017-11-28T00:52:25.787Z",
        "user": [
            "admin@email.com"
        ],
        "content_type": [
            "companies",
            "companystorage"
        ],
        "object_id": "170",
        "object_repr": "Zog - Omide - 4",
        "action_flag": 3,
        "change_message": ""
    }
},
{
    "model": "admin.logentry",
    "pk": 198,
    "fields": {
        "action_time": "2017-11-28T00:52:25.795Z",
        "user": [
            "admin@email.com"
        ],
        "content_type": [
            "companies",
            "companystorage"
        ],
        "object_id": "169",
        "object_repr": "Zog - Qudite - 3",
        "action_flag": 3,
        "change_message": ""
    }
},
{
    "model": "admin.logentry",
    "pk": 199,
    "fields": {
        "action_time": "2017-11-28T00:52:25.802Z",
        "user": [
            "admin@email.com"
        ],
        "content_type": [
            "companies",
            "companystorage"
        ],
        "object_id": "168",
        "object_repr": "Zog - Gorp - 2",
        "action_flag": 3,
        "change_message": ""
    }
},
{
    "model": "admin.logentry",
    "pk": 200,
    "fields": {
        "action_time": "2017-11-28T00:52:25.808Z",
        "user": [
            "admin@email.com"
        ],
        "content_type": [
            "companies",
            "companystorage"
        ],
        "object_id": "167",
        "object_repr": "Zog - Ubikite - 1",
        "action_flag": 3,
        "change_message": ""
    }
},
{
    "model": "admin.logentry",
    "pk": 201,
    "fields": {
        "action_time": "2017-11-28T00:52:25.814Z",
        "user": [
            "admin@email.com"
        ],
        "content_type": [
            "companies",
            "companystorage"
        ],
        "object_id": "166",
        "object_repr": "Zog - Xanonite - 5",
        "action_flag": 3,
        "change_message": ""
    }
},
{
    "model": "admin.logentry",
    "pk": 202,
    "fields": {
        "action_time": "2017-11-28T00:52:25.820Z",
        "user": [
            "admin@email.com"
        ],
        "content_type": [
            "companies",
            "companystorage"
        ],
        "object_id": "165",
        "object_repr": "Zog - Gorkite - 9",
        "action_flag": 3,
        "change_message": ""
    }
},
{
    "model": "admin.logentry",
    "pk": 203,
    "fields": {
        "action_time": "2017-11-28T00:52:25.826Z",
        "user": [
            "admin@email.com"
        ],
        "content_type": [
            "companies",
            "companystorage"
        ],
        "object_id": "164",
        "object_repr": "Zog - Mortonium - 6",
        "action_flag": 3,
        "change_message": ""
    }
},
{
    "model": "admin.logentry",
    "pk": 204,
    "fields": {
        "action_time": "2017-11-28T00:52:25.832Z",
        "user": [
            "admin@email.com"
        ],
        "content_type": [
            "companies",
            "companystorage"
        ],
        "object_id": "163",
        "object_repr": "Zog - Asimovium - 7",
        "action_flag": 3,
        "change_message": ""
    }
},
{
    "model": "admin.logentry",
    "pk": 205,
    "fields": {
        "action_time": "2017-11-28T00:52:25.838Z",
        "user": [
            "admin@email.com"
        ],
        "content_type": [
            "companies",
            "companystorage"
        ],
        "object_id": "162",
        "object_repr": "Zog - Glorpidium - 8",
        "action_flag": 3,
        "change_message": ""
    }
},
{
    "model": "admin.logentry",
    "pk": 206,
    "fields": {
        "action_time": "2017-11-28T00:52:25.844Z",
        "user": [
            "admin@email.com"
        ],
        "content_type": [
            "companies",
            "companystorage"
        ],
        "object_id": "161",
        "object_repr": "Zog - Zorkium - 10",
        "action_flag": 3,
        "change_message": ""
    }
},
{
    "model": "admin.logentry",
    "pk": 207,
    "fields": {
        "action_time": "2017-11-28T00:52:25.849Z",
        "user": [
            "admin@email.com"
        ],
        "content_type": [
            "companies",
            "companystorage"
        ],
        "object_id": "110",
        "object_repr": "The Rickest Ricks - Omide - 4",
        "action_flag": 3,
        "change_message": ""
    }
},
{
    "model": "admin.logentry",
    "pk": 208,
    "fields": {
        "action_time": "2017-11-28T00:52:25.855Z",
        "user": [
            "admin@email.com"
        ],
        "content_type": [
            "companies",
            "companystorage"
        ],
        "object_id": "109",
        "object_repr": "The Rickest Ricks - Qudite - 3",
        "action_flag": 3,
        "change_message": ""
    }
},
{
    "model": "admin.logentry",
    "pk": 209,
    "fields": {
        "action_time": "2017-11-28T00:52:25.861Z",
        "user": [
            "admin@email.com"
        ],
        "content_type": [
            "companies",
            "companystorage"
        ],
        "object_id": "108",
        "object_repr": "The Rickest Ricks - Gorp - 2",
        "action_flag": 3,
        "change_message": ""
    }
},
{
    "model": "admin.logentry",
    "pk": 210,
    "fields": {
        "action_time": "2017-11-28T00:52:25.866Z",
        "user": [
            "admin@email.com"
        ],
        "content_type": [
            "companies",
            "companystorage"
        ],
        "object_id": "107",
        "object_repr": "The Rickest Ricks - Ubikite - 1",
        "action_flag": 3,
        "change_message": ""
    }
},
{
    "model": "admin.logentry",
    "pk": 211,
    "fields": {
        "action_time": "2017-11-28T00:52:25.872Z",
        "user": [
            "admin@email.com"
        ],
        "content_type": [
            "companies",
            "companystorage"
        ],
        "object_id": "106",
        "object_repr": "The Rickest Ricks - Xanonite - 5",
        "action_flag": 3,
        "change_message": ""
    }
},
{
    "model": "admin.logentry",
    "pk": 212,
    "fields": {
        "action_time": "2017-11-28T00:52:25.878Z",
        "user": [
            "admin@email.com"
        ],
        "content_type": [
            "companies",
            "companystorage"
        ],
        "object_id": "105",
        "object_repr": "The Rickest Ricks - Gorkite - 9",
        "action_flag": 3,
        "change_message": ""
    }
},
{
    "model": "admin.logentry",
    "pk": 213,
    "fields": {
        "action_time": "2017-11-28T00:52:25.883Z",
        "user": [
            "admin@email.com"
        ],
        "content_type": [
            "companies",
            "companystorage"
        ],
        "object_id": "104",
        "object_repr": "The Rickest Ricks - Mortonium - 6",
        "action_flag": 3,
        "change_message": ""
    }
},
{
    "model": "admin.logentry",
    "pk": 214,
    "fields": {
        "action_time": "2017-11-28T00:52:25.889Z",
        "user": [
            "admin@email.com"
        ],
        "content_type": [
            "companies",
            "companystorage"
        ],
        "object_id": "103",
        "object_repr": "The Rickest Ricks - Asimovium - 7",
        "action_flag": 3,
        "change_message": ""
    }
},
{
    "model": "admin.logentry",
    "pk": 215,
    "fields": {
        "action_time": "2017-11-28T00:52:25.895Z",
        "user": [
            "admin@email.com"
        ],
        "content_type": [
            "companies",
            "companystorage"
        ],
        "object_id": "102",
        "object_repr": "The Rickest Ricks - Glorpidium - 8",
        "action_flag": 3,
        "change_message": ""
    }
},
{
    "model": "admin.logentry",
    "pk": 216,
    "fields": {
        "action_time": "2017-11-28T00:52:25.901Z",
        "user": [
            "admin@email.com"
        ],
        "content_type": [
            "companies",
            "companystorage"
        ],
        "object_id": "101",
        "object_repr": "The Rickest Ricks - Zorkium - 10",
        "action_flag": 3,
        "change_message": ""
    }
},
{
    "model": "admin.logentry",
    "pk": 217,
    "fields": {
        "action_time": "2017-11-28T00:52:25.907Z",
        "user": [
            "admin@email.com"
        ],
        "content_type": [
            "companies",
            "companystorage"
        ],
        "object_id": "100",
        "object_repr": "Planet Express - Omide - 4",
        "action_flag": 3,
        "change_message": ""
    }
},
{
    "model": "admin.logentry",
    "pk": 218,
    "fields": {
        "action_time": "2017-11-28T00:52:25.913Z",
        "user": [
            "admin@email.com"
        ],
        "content_type": [
            "companies",
            "companystorage"
        ],
        "object_id": "99",
        "object_repr": "Planet Express - Qudite - 3",
        "action_flag": 3,
        "change_message": ""
    }
},
{
    "model": "admin.logentry",
    "pk": 219,
    "fields": {
        "action_time": "2017-11-28T00:52:25.919Z",
        "user": [
            "admin@email.com"
        ],
        "content_type": [
            "companies",
            "companystorage"
        ],
        "object_id": "98",
        "object_repr": "Planet Express - Gorp - 2",
        "action_flag": 3,
        "change_message": ""
    }
},
{
    "model": "admin.logentry",
    "pk": 220,
    "fields": {
        "action_time": "2017-11-28T00:52:25.924Z",
        "user": [
            "admin@email.com"
        ],
        "content_type": [
            "companies",
            "companystorage"
        ],
        "object_id": "97",
        "object_repr": "Planet Express - Ubikite - 1",
        "action_flag": 3,
        "change_message": ""
    }
},
{
    "model": "admin.logentry",
    "pk": 221,
    "fields": {
        "action_time": "2017-11-28T00:52:25.930Z",
        "user": [
            "admin@email.com"
        ],
        "content_type": [
            "companies",
            "companystorage"
        ],
        "object_id": "96",
        "object_repr": "Planet Express - Xanonite - 5",
        "action_flag": 3,
        "change_message": ""
    }
},
{
    "model": "admin.logentry",
    "pk": 222,
    "fields": {
        "action_time": "2017-11-28T00:52:25.937Z",
        "user": [
            "admin@email.com"
        ],
        "content_type": [
            "companies",
            "companystorage"
        ],
        "object_id": "95",
        "object_repr": "Planet Express - Gorkite - 9",
        "action_flag": 3,
        "change_message": ""
    }
},
{
    "model": "admin.logentry",
    "pk": 223,
    "fields": {
        "action_time": "2017-11-28T00:52:25.943Z",
        "user": [
            "admin@email.com"
        ],
        "content_type": [
            "companies",
            "companystorage"
        ],
        "object_id": "94",
        "object_repr": "Planet Express - Mortonium - 6",
        "action_flag": 3,
        "change_message": ""
    }
},
{
    "model": "admin.logentry",
    "pk": 224,
    "fields": {
        "action_time": "2017-11-28T00:52:25.948Z",
        "user": [
            "admin@email.com"
        ],
        "content_type": [
            "companies",
            "companystorage"
        ],
        "object_id": "93",
        "object_repr": "Planet Express - Asimovium - 7",
        "action_flag": 3,
        "change_message": ""
    }
},
{
    "model": "admin.logentry",
    "pk": 225,
    "fields": {
        "action_time": "2017-11-28T00:52:25.955Z",
        "user": [
            "admin@email.com"
        ],
        "content_type": [
            "companies",
            "companystorage"
        ],
        "object_id": "92",
        "object_repr": "Planet Express - Glorpidium - 8",
        "action_flag": 3,
        "change_message": ""
    }
},
{
    "model": "admin.logentry",
    "pk": 226,
    "fields": {
        "action_time": "2017-11-28T00:52:25.960Z",
        "user": [
            "admin@email.com"
        ],
        "content_type": [
            "companies",
            "companystorage"
        ],
        "object_id": "91",
        "object_repr": "Planet Express - Zorkium - 10",
        "action_flag": 3,
        "change_message": ""
    }
},
{
    "model": "admin.logentry",
    "pk": 227,
    "fields": {
        "action_time": "2017-11-28T00:52:25.966Z",
        "user": [
            "admin@email.com"
        ],
        "content_type": [
            "companies",
            "companystorage"
        ],
        "object_id": "90",
        "object_repr": "Beeblebrox Ltd - Omide - 4",
        "action_flag": 3,
        "change_message": ""
    }
},
{
    "model": "admin.logentry",
    "pk": 228,
    "fields": {
        "action_time": "2017-11-28T00:52:25.972Z",
        "user": [
            "admin@email.com"
        ],
        "content_type": [
            "companies",
            "companystorage"
        ],
        "object_id": "89",
        "object_repr": "Beeblebrox Ltd - Qudite - 3",
        "action_flag": 3,
        "change_message": ""
    }
},
{
    "model": "admin.logentry",
    "pk": 229,
    "fields": {
        "action_time": "2017-11-28T00:52:25.978Z",
        "user": [
            "admin@email.com"
        ],
        "content_type": [
            "companies",
            "companystorage"
        ],
        "object_id": "88",
        "object_repr": "Beeblebrox Ltd - Gorp - 2",
        "action_flag": 3,
        "change_message": ""
    }
},
{
    "model": "admin.logentry",
    "pk": 230,
    "fields": {
        "action_time": "2017-11-28T00:52:25.984Z",
        "user": [
            "admin@email.com"
        ],
        "content_type": [
            "companies",
            "companystorage"
        ],
        "object_id": "87",
        "object_repr": "Beeblebrox Ltd - Ubikite - 1",
        "action_flag": 3,
        "change_message": ""
    }
},
{
    "model": "admin.logentry",
    "pk": 231,
    "fields": {
        "action_time": "2017-11-28T00:52:25.990Z",
        "user": [
            "admin@email.com"
        ],
        "content_type": [
            "companies",
            "companystorage"
        ],
        "object_id": "86",
        "object_repr": "Beeblebrox Ltd - Xanonite - 5",
        "action_flag": 3,
        "change_message": ""
    }
},
{
    "model": "admin.logentry",
    "pk": 232,
    "fields": {
        "action_time": "2017-11-28T00:52:25.996Z",
        "user": [
            "admin@email.com"
        ],
        "content_type": [
            "companies",
            "companystorage"
        ],
        "object_id": "85",
        "object_repr": "Beeblebrox Ltd - Gorkite - 9",
        "action_flag": 3,
        "change_message": ""
    }
},
{
    "model": "admin.logentry",
    "pk": 233,
    "fields": {
        "action_time": "2017-11-28T00:52:26.002Z",
        "user": [
            "admin@email.com"
        ],
        "content_type": [
            "companies",
            "companystorage"
        ],
        "object_id": "84",
        "object_repr": "Beeblebrox Ltd - Mortonium - 6",
        "action_flag": 3,
        "change_message": ""
    }
},
{
    "model": "admin.logentry",
    "pk": 234,
    "fields": {
        "action_time": "2017-11-28T00:52:26.007Z",
        "user": [
            "admin@email.com"
        ],
        "content_type": [
            "companies",
            "companystorage"
        ],
        "object_id": "83",
        "object_repr": "Beeblebrox Ltd - Asimovium - 7",
        "action_flag": 3,
        "change_message": ""
    }
},
{
    "model": "admin.logentry",
    "pk": 235,
    "fields": {
        "action_time": "2017-11-28T00:52:26.013Z",
        "user": [
            "admin@email.com"
        ],
        "content_type": [
            "companies",
            "companystorage"
        ],
        "object_id": "82",
        "object_repr": "Beeblebrox Ltd - Glorpidium - 8",
        "action_flag": 3,
        "change_message": ""
    }
},
{
    "model": "admin.logentry",
    "pk": 236,
    "fields": {
        "action_time": "2017-11-28T00:52:26.018Z",
        "user": [
            "admin@email.com"
        ],
        "content_type": [
            "companies",
            "companystorage"
        ],
        "object_id": "81",
        "object_repr": "Beeblebrox Ltd - Zorkium - 10",
        "action_flag": 3,
        "change_message": ""
    }
},
{
    "model": "admin.logentry",
    "pk": 237,
    "fields": {
        "action_time": "2017-11-28T00:52:26.024Z",
        "user": [
            "admin@email.com"
        ],
        "content_type": [
            "companies",
            "companystorage"
        ],
        "object_id": "80",
        "object_repr": "GlorgleBrax Prime - Omide - 4",
        "action_flag": 3,
        "change_message": ""
    }
},
{
    "model": "admin.logentry",
    "pk": 238,
    "fields": {
        "action_time": "2017-11-28T00:52:26.029Z",
        "user": [
            "admin@email.com"
        ],
        "content_type": [
            "companies",
            "companystorage"
        ],
        "object_id": "79",
        "object_repr": "GlorgleBrax Prime - Qudite - 3",
        "action_flag": 3,
        "change_message": ""
    }
},
{
    "model": "admin.logentry",
    "pk": 239,
    "fields": {
        "action_time": "2017-11-28T00:52:26.035Z",
        "user": [
            "admin@email.com"
        ],
        "content_type": [
            "companies",
            "companystorage"
        ],
        "object_id": "78",
        "object_repr": "GlorgleBrax Prime - Gorp - 2",
        "action_flag": 3,
        "change_message": ""
    }
},
{
    "model": "admin.logentry",
    "pk": 240,
    "fields": {
        "action_time": "2017-11-28T00:52:26.041Z",
        "user": [
            "admin@email.com"
        ],
        "content_type": [
            "companies",
            "companystorage"
        ],
        "object_id": "77",
        "object_repr": "GlorgleBrax Prime - Ubikite - 1",
        "action_flag": 3,
        "change_message": ""
    }
},
{
    "model": "admin.logentry",
    "pk": 241,
    "fields": {
        "action_time": "2017-11-28T00:52:26.047Z",
        "user": [
            "admin@email.com"
        ],
        "content_type": [
            "companies",
            "companystorage"
        ],
        "object_id": "76",
        "object_repr": "GlorgleBrax Prime - Xanonite - 5",
        "action_flag": 3,
        "change_message": ""
    }
},
{
    "model": "admin.logentry",
    "pk": 242,
    "fields": {
        "action_time": "2017-11-28T00:52:26.053Z",
        "user": [
            "admin@email.com"
        ],
        "content_type": [
            "companies",
            "companystorage"
        ],
        "object_id": "75",
        "object_repr": "GlorgleBrax Prime - Gorkite - 9",
        "action_flag": 3,
        "change_message": ""
    }
},
{
    "model": "admin.logentry",
    "pk": 243,
    "fields": {
        "action_time": "2017-11-28T00:52:26.059Z",
        "user": [
            "admin@email.com"
        ],
        "content_type": [
            "companies",
            "companystorage"
        ],
        "object_id": "74",
        "object_repr": "GlorgleBrax Prime - Mortonium - 6",
        "action_flag": 3,
        "change_message": ""
    }
},
{
    "model": "admin.logentry",
    "pk": 244,
    "fields": {
        "action_time": "2017-11-28T00:52:26.064Z",
        "user": [
            "admin@email.com"
        ],
        "content_type": [
            "companies",
            "companystorage"
        ],
        "object_id": "73",
        "object_repr": "GlorgleBrax Prime - Asimovium - 7",
        "action_flag": 3,
        "change_message": ""
    }
},
{
    "model": "admin.logentry",
    "pk": 245,
    "fields": {
        "action_time": "2017-11-28T00:52:26.069Z",
        "user": [
            "admin@email.com"
        ],
        "content_type": [
            "companies",
            "companystorage"
        ],
        "object_id": "72",
        "object_repr": "GlorgleBrax Prime - Glorpidium - 8",
        "action_flag": 3,
        "change_message": ""
    }
},
{
    "model": "admin.logentry",
    "pk": 246,
    "fields": {
        "action_time": "2017-11-28T00:52:26.074Z",
        "user": [
            "admin@email.com"
        ],
        "content_type": [
            "companies",
            "companystorage"
        ],
        "object_id": "71",
        "object_repr": "GlorgleBrax Prime - Zorkium - 10",
        "action_flag": 3,
        "change_message": ""
    }
},
{
    "model": "admin.logentry",
    "pk": 247,
    "fields": {
        "action_time": "2017-11-28T00:52:26.080Z",
        "user": [
            "admin@email.com"
        ],
        "content_type": [
            "companies",
            "companystorage"
        ],
        "object_id": "2",
        "object_repr": "The Overlord - Glorpidium - 8",
        "action_flag": 3,
        "change_message": ""
    }
},
{
    "model": "admin.logentry",
    "pk": 248,
    "fields": {
        "action_time": "2017-11-28T00:52:26.085Z",
        "user": [
            "admin@email.com"
        ],
        "content_type": [
            "companies",
            "companystorage"
        ],
        "object_id": "1",
        "object_repr": "The Overlord - Zorkium - 10",
        "action_flag": 3,
        "change_message": ""
    }
},
{
    "model": "admin.logentry",
    "pk": 249,
    "fields": {
        "action_time": "2017-11-28T00:52:38.885Z",
        "user": [
            "admin@email.com"
        ],
        "content_type": [
            "companies",
            "companytrade"
        ],
        "object_id": "3",
        "object_repr": "Zog - The Overlord",
        "action_flag": 3,
        "change_message": ""
    }
},
{
    "model": "admin.logentry",
    "pk": 250,
    "fields": {
        "action_time": "2017-11-28T00:52:38.896Z",
        "user": [
            "admin@email.com"
        ],
        "content_type": [
            "companies",
            "companytrade"
        ],
        "object_id": "2",
        "object_repr": "Zog - Beeblebrox Ltd",
        "action_flag": 3,
        "change_message": ""
    }
},
{
    "model": "admin.logentry",
    "pk": 251,
    "fields": {
        "action_time": "2017-11-28T00:52:38.903Z",
        "user": [
            "admin@email.com"
        ],
        "content_type": [
            "companies",
            "companytrade"
        ],
        "object_id": "1",
        "object_repr": "Zog - Beeblebrox Ltd",
        "action_flag": 3,
        "change_message": ""
    }
},
{
    "model": "admin.logentry",
    "pk": 252,
    "fields": {
        "action_time": "2017-11-28T00:52:59.932Z",
        "user": [
            "admin@email.com"
        ],
        "content_type": [
            "companies",
            "company"
        ],
        "object_id": "29",
        "object_repr": "Zog",
        "action_flag": 3,
        "change_message": ""
    }
},
{
    "model": "admin.logentry",
    "pk": 253,
    "fields": {
        "action_time": "2017-11-28T00:52:59.943Z",
        "user": [
            "admin@email.com"
        ],
        "content_type": [
            "companies",
            "company"
        ],
        "object_id": "23",
        "object_repr": "The Rickest Ricks",
        "action_flag": 3,
        "change_message": ""
    }
},
{
    "model": "admin.logentry",
    "pk": 254,
    "fields": {
        "action_time": "2017-11-28T00:52:59.949Z",
        "user": [
            "admin@email.com"
        ],
        "content_type": [
            "companies",
            "company"
        ],
        "object_id": "22",
        "object_repr": "Planet Express",
        "action_flag": 3,
        "change_message": ""
    }
},
{
    "model": "admin.logentry",
    "pk": 255,
    "fields": {
        "action_time": "2017-11-28T00:52:59.954Z",
        "user": [
            "admin@email.com"
        ],
        "content_type": [
            "companies",
            "company"
        ],
        "object_id": "21",
        "object_repr": "Beeblebrox Ltd",
        "action_flag": 3,
        "change_message": ""
    }
},
{
    "model": "admin.logentry",
    "pk": 256,
    "fields": {
        "action_time": "2017-11-28T00:52:59.960Z",
        "user": [
            "admin@email.com"
        ],
        "content_type": [
            "companies",
            "company"
        ],
        "object_id": "20",
        "object_repr": "GlorgleBrax Prime",
        "action_flag": 3,
        "change_message": ""
    }
},
{
    "model": "admin.logentry",
    "pk": 257,
    "fields": {
        "action_time": "2017-11-28T00:52:59.966Z",
        "user": [
            "admin@email.com"
        ],
        "content_type": [
            "companies",
            "company"
        ],
        "object_id": "1",
        "object_repr": "The Overlord",
        "action_flag": 3,
        "change_message": ""
    }
},
{
    "model": "admin.logentry",
    "pk": 258,
    "fields": {
        "action_time": "2017-11-28T01:09:50.193Z",
        "user": [
            "admin@email.com"
        ],
        "content_type": [
            "companies",
            "ownership"
        ],
        "object_id": "13",
        "object_repr": "Planet Express - Cargo-Glork Mk.I",
        "action_flag": 1,
        "change_message": "[{\"added\": {}}]"
    }
},
{
    "model": "admin.logentry",
    "pk": 259,
    "fields": {
        "action_time": "2017-11-28T01:09:58.790Z",
        "user": [
            "admin@email.com"
        ],
        "content_type": [
            "companies",
            "ownership"
        ],
        "object_id": "14",
        "object_repr": "Rickest Ricks - Cargo-Glork Mk.I",
        "action_flag": 1,
        "change_message": "[{\"added\": {}}]"
    }
},
{
    "model": "admin.logentry",
    "pk": 260,
    "fields": {
        "action_time": "2017-11-28T01:30:05.418Z",
        "user": [
            "admin@email.com"
        ],
        "content_type": [
            "companies",
            "company"
        ],
        "object_id": "31",
        "object_repr": "ahhhhh",
        "action_flag": 3,
        "change_message": ""
    }
},
{
    "model": "admin.logentry",
    "pk": 261,
    "fields": {
        "action_time": "2017-11-28T01:30:05.429Z",
        "user": [
            "admin@email.com"
        ],
        "content_type": [
            "companies",
            "company"
        ],
        "object_id": "30",
        "object_repr": "Oooo",
        "action_flag": 3,
        "change_message": ""
    }
},
{
    "model": "admin.logentry",
    "pk": 262,
    "fields": {
        "action_time": "2017-11-28T01:30:05.435Z",
        "user": [
            "admin@email.com"
        ],
        "content_type": [
            "companies",
            "company"
        ],
        "object_id": "23",
        "object_repr": "The Mortiest Morty's",
        "action_flag": 3,
        "change_message": ""
    }
},
{
    "model": "admin.logentry",
    "pk": 263,
    "fields": {
        "action_time": "2017-11-28T01:30:05.441Z",
        "user": [
            "admin@email.com"
        ],
        "content_type": [
            "companies",
            "company"
        ],
        "object_id": "22",
        "object_repr": "Rickest Ricks",
        "action_flag": 3,
        "change_message": ""
    }
},
{
    "model": "admin.logentry",
    "pk": 264,
    "fields": {
        "action_time": "2017-11-28T01:30:05.446Z",
        "user": [
            "admin@email.com"
        ],
        "content_type": [
            "companies",
            "company"
        ],
        "object_id": "21",
        "object_repr": "Planet Express",
        "action_flag": 3,
        "change_message": ""
    }
},
{
    "model": "admin.logentry",
    "pk": 265,
    "fields": {
        "action_time": "2017-11-28T01:34:12.556Z",
        "user": [
            "admin@email.com"
        ],
        "content_type": [
            "companies",
            "company"
        ],
        "object_id": "22",
        "object_repr": "eeeeee",
        "action_flag": 3,
        "change_message": ""
    }
},
{
    "model": "admin.logentry",
    "pk": 266,
    "fields": {
        "action_time": "2017-11-28T01:34:12.564Z",
        "user": [
            "admin@email.com"
        ],
        "content_type": [
            "companies",
            "company"
        ],
        "object_id": "21",
        "object_repr": "Planet Express",
        "action_flag": 3,
        "change_message": ""
    }
},
{
    "model": "admin.logentry",
    "pk": 267,
    "fields": {
        "action_time": "2017-11-29T03:02:48.487Z",
        "user": [
            "admin@email.com"
        ],
        "content_type": [
            "marketplace",
            "story"
        ],
        "object_id": "1",
        "object_repr": "Hitch-hiked",
        "action_flag": 1,
        "change_message": "[{\"added\": {}}]"
    }
},
{
    "model": "admin.logentry",
    "pk": 268,
    "fields": {
        "action_time": "2017-11-29T03:13:08.480Z",
        "user": [
            "admin@email.com"
        ],
        "content_type": [
            "marketplace",
            "story"
        ],
        "object_id": "1",
        "object_repr": "Hitch-hiked",
        "action_flag": 2,
        "change_message": "[{\"changed\": {\"fields\": [\"image\"]}}]"
    }
},
{
    "model": "admin.logentry",
    "pk": 269,
    "fields": {
        "action_time": "2017-11-29T03:21:43.599Z",
        "user": [
            "admin@email.com"
        ],
        "content_type": [
            "marketplace",
            "story"
        ],
        "object_id": "2",
        "object_repr": "Another Story",
        "action_flag": 1,
        "change_message": "[{\"added\": {}}]"
    }
},
{
    "model": "admin.logentry",
    "pk": 270,
    "fields": {
        "action_time": "2017-11-29T03:27:26.989Z",
        "user": [
            "admin@email.com"
        ],
        "content_type": [
            "marketplace",
            "story"
        ],
        "object_id": "2",
        "object_repr": "Zog's Decree's",
        "action_flag": 2,
        "change_message": "[{\"changed\": {\"fields\": [\"headline\", \"article\"]}}]"
    }
},
{
    "model": "admin.logentry",
    "pk": 271,
    "fields": {
        "action_time": "2017-11-29T03:27:36.550Z",
        "user": [
            "admin@email.com"
        ],
        "content_type": [
            "marketplace",
            "story"
        ],
        "object_id": "2",
        "object_repr": "Zog's Decree",
        "action_flag": 2,
        "change_message": "[{\"changed\": {\"fields\": [\"headline\", \"image\"]}}]"
    }
},
{
    "model": "admin.logentry",
    "pk": 272,
    "fields": {
        "action_time": "2017-11-29T18:50:47.583Z",
        "user": [
            "admin@email.com"
        ],
        "content_type": [
            "planets",
            "planettype"
        ],
        "object_id": "1",
        "object_repr": "Continental",
        "action_flag": 1,
        "change_message": "[{\"added\": {}}]"
    }
},
{
    "model": "admin.logentry",
    "pk": 273,
    "fields": {
        "action_time": "2017-11-29T18:51:02.854Z",
        "user": [
            "admin@email.com"
        ],
        "content_type": [
            "planets",
            "planettype"
        ],
        "object_id": "2",
        "object_repr": "Desert",
        "action_flag": 1,
        "change_message": "[{\"added\": {}}]"
    }
},
{
    "model": "admin.logentry",
    "pk": 274,
    "fields": {
        "action_time": "2017-11-29T18:51:24.003Z",
        "user": [
            "admin@email.com"
        ],
        "content_type": [
            "planets",
            "planettype"
        ],
        "object_id": "3",
        "object_repr": "Arctic",
        "action_flag": 1,
        "change_message": "[{\"added\": {}}]"
    }
},
{
    "model": "admin.logentry",
    "pk": 275,
    "fields": {
        "action_time": "2017-11-29T18:51:38.758Z",
        "user": [
            "admin@email.com"
        ],
        "content_type": [
            "planets",
            "planettype"
        ],
        "object_id": "4",
        "object_repr": "Oceanic",
        "action_flag": 1,
        "change_message": "[{\"added\": {}}]"
    }
},
{
    "model": "admin.logentry",
    "pk": 276,
    "fields": {
        "action_time": "2017-11-29T18:51:55.076Z",
        "user": [
            "admin@email.com"
        ],
        "content_type": [
            "planets",
            "planettype"
        ],
        "object_id": "5",
        "object_repr": "Tropical",
        "action_flag": 1,
        "change_message": "[{\"added\": {}}]"
    }
},
{
    "model": "admin.logentry",
    "pk": 277,
    "fields": {
        "action_time": "2017-11-29T19:31:25.573Z",
        "user": [
            "admin@email.com"
        ],
        "content_type": [
            "planets",
            "planet"
        ],
        "object_id": "18",
        "object_repr": "Zurkaborkzorbablarg Lambda",
        "action_flag": 3,
        "change_message": ""
    }
},
{
    "model": "admin.logentry",
    "pk": 278,
    "fields": {
        "action_time": "2017-11-29T19:31:25.585Z",
        "user": [
            "admin@email.com"
        ],
        "content_type": [
            "planets",
            "planet"
        ],
        "object_id": "17",
        "object_repr": "Gurpanorkblorgid Delta",
        "action_flag": 3,
        "change_message": ""
    }
},
{
    "model": "admin.logentry",
    "pk": 279,
    "fields": {
        "action_time": "2017-11-29T19:31:25.590Z",
        "user": [
            "admin@email.com"
        ],
        "content_type": [
            "planets",
            "planet"
        ],
        "object_id": "16",
        "object_repr": "Glorp Epsilon",
        "action_flag": 3,
        "change_message": ""
    }
},
{
    "model": "admin.logentry",
    "pk": 280,
    "fields": {
        "action_time": "2017-11-29T19:31:25.596Z",
        "user": [
            "admin@email.com"
        ],
        "content_type": [
            "planets",
            "planet"
        ],
        "object_id": "15",
        "object_repr": "Blarb Iota",
        "action_flag": 3,
        "change_message": ""
    }
},
{
    "model": "admin.logentry",
    "pk": 281,
    "fields": {
        "action_time": "2017-11-29T19:31:25.602Z",
        "user": [
            "admin@email.com"
        ],
        "content_type": [
            "planets",
            "planet"
        ],
        "object_id": "14",
        "object_repr": "Bogibolzurkogrob Alpha",
        "action_flag": 3,
        "change_message": ""
    }
},
{
    "model": "admin.logentry",
    "pk": 282,
    "fields": {
        "action_time": "2017-11-29T19:31:25.607Z",
        "user": [
            "admin@email.com"
        ],
        "content_type": [
            "planets",
            "planet"
        ],
        "object_id": "13",
        "object_repr": "Zarkgunurp Xi",
        "action_flag": 3,
        "change_message": ""
    }
},
{
    "model": "admin.logentry",
    "pk": 283,
    "fields": {
        "action_time": "2017-11-29T19:31:25.613Z",
        "user": [
            "admin@email.com"
        ],
        "content_type": [
            "planets",
            "planet"
        ],
        "object_id": "12",
        "object_repr": "Norp Gamma",
        "action_flag": 3,
        "change_message": ""
    }
},
{
    "model": "admin.logentry",
    "pk": 284,
    "fields": {
        "action_time": "2017-11-29T19:31:25.618Z",
        "user": [
            "admin@email.com"
        ],
        "content_type": [
            "planets",
            "planet"
        ],
        "object_id": "11",
        "object_repr": "Gurpudgurp Epsilon",
        "action_flag": 3,
        "change_message": ""
    }
},
{
    "model": "admin.logentry",
    "pk": 285,
    "fields": {
        "action_time": "2017-11-29T19:31:25.623Z",
        "user": [
            "admin@email.com"
        ],
        "content_type": [
            "planets",
            "planet"
        ],
        "object_id": "10",
        "object_repr": "Blorpnorpagrob Gamma",
        "action_flag": 3,
        "change_message": ""
    }
},
{
    "model": "admin.logentry",
    "pk": 286,
    "fields": {
        "action_time": "2017-11-29T19:31:25.628Z",
        "user": [
            "admin@email.com"
        ],
        "content_type": [
            "planets",
            "planet"
        ],
        "object_id": "9",
        "object_repr": "Blarbborkomurp Kappa",
        "action_flag": 3,
        "change_message": ""
    }
},
{
    "model": "admin.logentry",
    "pk": 287,
    "fields": {
        "action_time": "2017-11-29T19:31:25.633Z",
        "user": [
            "admin@email.com"
        ],
        "content_type": [
            "planets",
            "planet"
        ],
        "object_id": "8",
        "object_repr": "Grubzorkza Omicron",
        "action_flag": 3,
        "change_message": ""
    }
},
{
    "model": "admin.logentry",
    "pk": 288,
    "fields": {
        "action_time": "2017-11-29T19:31:25.638Z",
        "user": [
            "admin@email.com"
        ],
        "content_type": [
            "planets",
            "planet"
        ],
        "object_id": "7",
        "object_repr": "Blargablorgiblarg Epsilon",
        "action_flag": 3,
        "change_message": ""
    }
},
{
    "model": "admin.logentry",
    "pk": 289,
    "fields": {
        "action_time": "2017-11-29T19:31:25.645Z",
        "user": [
            "admin@email.com"
        ],
        "content_type": [
            "planets",
            "planet"
        ],
        "object_id": "6",
        "object_repr": "Zurk Eta",
        "action_flag": 3,
        "change_message": ""
    }
},
{
    "model": "admin.logentry",
    "pk": 290,
    "fields": {
        "action_time": "2017-11-29T19:31:25.650Z",
        "user": [
            "admin@email.com"
        ],
        "content_type": [
            "planets",
            "planet"
        ],
        "object_id": "5",
        "object_repr": "Blarbobzorbagar Delta",
        "action_flag": 3,
        "change_message": ""
    }
},
{
    "model": "admin.logentry",
    "pk": 291,
    "fields": {
        "action_time": "2017-11-29T19:31:25.655Z",
        "user": [
            "admin@email.com"
        ],
        "content_type": [
            "planets",
            "planet"
        ],
        "object_id": "4",
        "object_repr": "Vorp Omicron",
        "action_flag": 3,
        "change_message": ""
    }
},
{
    "model": "admin.logentry",
    "pk": 292,
    "fields": {
        "action_time": "2017-11-29T19:31:25.660Z",
        "user": [
            "admin@email.com"
        ],
        "content_type": [
            "planets",
            "planet"
        ],
        "object_id": "3",
        "object_repr": "Blarbzarkad Epsilon",
        "action_flag": 3,
        "change_message": ""
    }
},
{
    "model": "admin.logentry",
    "pk": 293,
    "fields": {
        "action_time": "2017-11-29T19:31:25.668Z",
        "user": [
            "admin@email.com"
        ],
        "content_type": [
            "planets",
            "planet"
        ],
        "object_id": "2",
        "object_repr": "blarbma",
        "action_flag": 3,
        "change_message": ""
    }
},
{
    "model": "admin.logentry",
    "pk": 294,
    "fields": {
        "action_time": "2017-11-29T19:31:25.673Z",
        "user": [
            "admin@email.com"
        ],
        "content_type": [
            "planets",
            "planet"
        ],
        "object_id": "1",
        "object_repr": "blorgidblorgo",
        "action_flag": 3,
        "change_message": ""
    }
},
{
    "model": "admin.logentry",
    "pk": 295,
    "fields": {
        "action_time": "2017-11-29T20:24:45.565Z",
        "user": [
            "admin@email.com"
        ],
        "content_type": [
            "planets",
            "planet"
        ],
        "object_id": "35",
        "object_repr": "Mimmarpe Upsilon",
        "action_flag": 3,
        "change_message": ""
    }
},
{
    "model": "admin.logentry",
    "pk": 296,
    "fields": {
        "action_time": "2017-11-29T20:24:45.577Z",
        "user": [
            "admin@email.com"
        ],
        "content_type": [
            "planets",
            "planet"
        ],
        "object_id": "34",
        "object_repr": "Zorkogar Theta",
        "action_flag": 3,
        "change_message": ""
    }
},
{
    "model": "admin.logentry",
    "pk": 297,
    "fields": {
        "action_time": "2017-11-29T20:24:45.584Z",
        "user": [
            "admin@email.com"
        ],
        "content_type": [
            "planets",
            "planet"
        ],
        "object_id": "33",
        "object_repr": "Gorp Eta",
        "action_flag": 3,
        "change_message": ""
    }
},
{
    "model": "admin.logentry",
    "pk": 298,
    "fields": {
        "action_time": "2017-11-29T20:24:45.589Z",
        "user": [
            "admin@email.com"
        ],
        "content_type": [
            "planets",
            "planet"
        ],
        "object_id": "32",
        "object_repr": "Mimub San",
        "action_flag": 3,
        "change_message": ""
    }
},
{
    "model": "admin.logentry",
    "pk": 299,
    "fields": {
        "action_time": "2017-11-29T20:24:45.595Z",
        "user": [
            "admin@email.com"
        ],
        "content_type": [
            "planets",
            "planet"
        ],
        "object_id": "31",
        "object_repr": "Vorpmurpezaph Beta",
        "action_flag": 3,
        "change_message": ""
    }
},
{
    "model": "admin.logentry",
    "pk": 300,
    "fields": {
        "action_time": "2017-11-29T20:24:45.600Z",
        "user": [
            "admin@email.com"
        ],
        "content_type": [
            "planets",
            "planet"
        ],
        "object_id": "30",
        "object_repr": "Blorp Delta",
        "action_flag": 3,
        "change_message": ""
    }
},
{
    "model": "admin.logentry",
    "pk": 301,
    "fields": {
        "action_time": "2017-11-29T20:24:45.606Z",
        "user": [
            "admin@email.com"
        ],
        "content_type": [
            "planets",
            "planet"
        ],
        "object_id": "29",
        "object_repr": "Zork Delta",
        "action_flag": 3,
        "change_message": ""
    }
},
{
    "model": "admin.logentry",
    "pk": 302,
    "fields": {
        "action_time": "2017-11-29T20:24:45.612Z",
        "user": [
            "admin@email.com"
        ],
        "content_type": [
            "planets",
            "planet"
        ],
        "object_id": "28",
        "object_repr": "Borke Iota",
        "action_flag": 3,
        "change_message": ""
    }
},
{
    "model": "admin.logentry",
    "pk": 303,
    "fields": {
        "action_time": "2017-11-29T20:24:45.617Z",
        "user": [
            "admin@email.com"
        ],
        "content_type": [
            "planets",
            "planet"
        ],
        "object_id": "27",
        "object_repr": "Zark Gamma",
        "action_flag": 3,
        "change_message": ""
    }
},
{
    "model": "admin.logentry",
    "pk": 304,
    "fields": {
        "action_time": "2017-11-29T20:24:45.622Z",
        "user": [
            "admin@email.com"
        ],
        "content_type": [
            "planets",
            "planet"
        ],
        "object_id": "26",
        "object_repr": "Gorpblorgad Xi",
        "action_flag": 3,
        "change_message": ""
    }
},
{
    "model": "admin.logentry",
    "pk": 305,
    "fields": {
        "action_time": "2017-11-29T20:24:45.628Z",
        "user": [
            "admin@email.com"
        ],
        "content_type": [
            "planets",
            "planet"
        ],
        "object_id": "25",
        "object_repr": "Norpagux Beta",
        "action_flag": 3,
        "change_message": ""
    }
},
{
    "model": "admin.logentry",
    "pk": 306,
    "fields": {
        "action_time": "2017-11-29T20:24:45.633Z",
        "user": [
            "admin@email.com"
        ],
        "content_type": [
            "planets",
            "planet"
        ],
        "object_id": "24",
        "object_repr": "Murpezarkud Pi",
        "action_flag": 3,
        "change_message": ""
    }
},
{
    "model": "admin.logentry",
    "pk": 307,
    "fields": {
        "action_time": "2017-11-29T20:24:45.639Z",
        "user": [
            "admin@email.com"
        ],
        "content_type": [
            "planets",
            "planet"
        ],
        "object_id": "23",
        "object_repr": "Gorp Pi",
        "action_flag": 3,
        "change_message": ""
    }
},
{
    "model": "admin.logentry",
    "pk": 308,
    "fields": {
        "action_time": "2017-11-29T20:24:45.644Z",
        "user": [
            "admin@email.com"
        ],
        "content_type": [
            "planets",
            "planet"
        ],
        "object_id": "22",
        "object_repr": "Bork Lambda",
        "action_flag": 3,
        "change_message": ""
    }
},
{
    "model": "admin.logentry",
    "pk": 309,
    "fields": {
        "action_time": "2017-11-29T20:24:45.649Z",
        "user": [
            "admin@email.com"
        ],
        "content_type": [
            "planets",
            "planet"
        ],
        "object_id": "21",
        "object_repr": "Gorpibrax Tau",
        "action_flag": 3,
        "change_message": ""
    }
},
{
    "model": "admin.logentry",
    "pk": 310,
    "fields": {
        "action_time": "2017-11-29T20:24:45.655Z",
        "user": [
            "admin@email.com"
        ],
        "content_type": [
            "planets",
            "planet"
        ],
        "object_id": "20",
        "object_repr": "Grububgurpagrox Lambda",
        "action_flag": 3,
        "change_message": ""
    }
},
{
    "model": "admin.logentry",
    "pk": 311,
    "fields": {
        "action_time": "2017-11-29T20:24:45.661Z",
        "user": [
            "admin@email.com"
        ],
        "content_type": [
            "planets",
            "planet"
        ],
        "object_id": "19",
        "object_repr": "Nurpmamarpzo Kappa",
        "action_flag": 3,
        "change_message": ""
    }
},
{
    "model": "admin.logentry",
    "pk": 312,
    "fields": {
        "action_time": "2017-11-29T23:34:21.448Z",
        "user": [
            "admin@email.com"
        ],
        "content_type": [
            "companies",
            "ownership"
        ],
        "object_id": "21",
        "object_repr": "Another ONe - Cargo-Glork Mk.I",
        "action_flag": 2,
        "change_message": "[{\"changed\": {\"fields\": [\"amount\"]}}]"
    }
},
{
    "model": "admin.logentry",
    "pk": 313,
    "fields": {
        "action_time": "2017-11-29T23:42:18.287Z",
        "user": [
            "admin@email.com"
        ],
        "content_type": [
            "companies",
            "ownership"
        ],
        "object_id": "21",
        "object_repr": "Another ONe - Cargo-Glork Mk.I",
        "action_flag": 2,
        "change_message": "[{\"changed\": {\"fields\": [\"in_use\"]}}]"
    }
},
{
    "model": "admin.logentry",
    "pk": 314,
    "fields": {
        "action_time": "2017-11-30T03:08:00.054Z",
        "user": [
            "admin@email.com"
        ],
        "content_type": [
            "mining",
            "upgrade"
        ],
        "object_id": "1",
        "object_repr": "Zumblox Ore Hounds",
        "action_flag": 1,
        "change_message": "[{\"added\": {}}]"
    }
},
{
    "model": "admin.logentry",
    "pk": 315,
    "fields": {
        "action_time": "2017-11-30T03:45:08.476Z",
        "user": [
            "admin@email.com"
        ],
        "content_type": [
            "mining",
            "upgrade"
        ],
        "object_id": "2",
        "object_repr": "Enhanced Ion Dismantler",
        "action_flag": 1,
        "change_message": "[{\"added\": {}}]"
    }
},
{
    "model": "admin.logentry",
    "pk": 316,
    "fields": {
        "action_time": "2017-11-30T03:45:14.361Z",
        "user": [
            "admin@email.com"
        ],
        "content_type": [
            "mining",
            "upgrade"
        ],
        "object_id": "1",
        "object_repr": "Zumblox Ore Hounds",
        "action_flag": 2,
        "change_message": "[]"
    }
},
{
    "model": "admin.logentry",
    "pk": 317,
    "fields": {
        "action_time": "2017-11-30T03:46:31.957Z",
        "user": [
            "admin@email.com"
        ],
        "content_type": [
            "mining",
            "upgrade"
        ],
        "object_id": "3",
        "object_repr": "Improved Transport",
        "action_flag": 1,
        "change_message": "[{\"added\": {}}]"
    }
},
{
    "model": "admin.logentry",
    "pk": 318,
    "fields": {
        "action_time": "2017-11-30T03:49:31.615Z",
        "user": [
            "admin@email.com"
        ],
        "content_type": [
            "mining",
            "upgrade"
        ],
        "object_id": "3",
        "object_repr": "Improved Transport",
        "action_flag": 2,
        "change_message": "[{\"changed\": {\"fields\": [\"price\"]}}]"
    }
},
{
    "model": "admin.logentry",
    "pk": 319,
    "fields": {
        "action_time": "2017-11-30T03:49:42.598Z",
        "user": [
            "admin@email.com"
        ],
        "content_type": [
            "mining",
            "upgrade"
        ],
        "object_id": "2",
        "object_repr": "Enhanced Ion Dismantler",
        "action_flag": 2,
        "change_message": "[{\"changed\": {\"fields\": [\"price\", \"production_increase\"]}}]"
    }
},
{
    "model": "admin.logentry",
    "pk": 320,
    "fields": {
        "action_time": "2017-11-30T03:50:01.283Z",
        "user": [
            "admin@email.com"
        ],
        "content_type": [
            "mining",
            "upgrade"
        ],
        "object_id": "1",
        "object_repr": "Zumblox Ore Hounds",
        "action_flag": 2,
        "change_message": "[{\"changed\": {\"fields\": [\"price\"]}}]"
    }
},
{
    "model": "admin.logentry",
    "pk": 321,
    "fields": {
        "action_time": "2017-11-30T04:09:10.425Z",
        "user": [
            "admin@email.com"
        ],
        "content_type": [
            "companies",
            "company"
        ],
        "object_id": "30",
        "object_repr": "another One!",
        "action_flag": 2,
        "change_message": "[{\"changed\": {\"fields\": [\"description\"]}}]"
    }
},
{
    "model": "admin.logentry",
    "pk": 322,
    "fields": {
        "action_time": "2017-11-30T04:09:38.642Z",
        "user": [
            "admin@email.com"
        ],
        "content_type": [
            "companies",
            "mineownership"
        ],
        "object_id": "7",
        "object_repr": "Another ONe - Huge",
        "action_flag": 1,
        "change_message": "[{\"added\": {}}]"
    }
},
{
    "model": "admin.logentry",
    "pk": 323,
    "fields": {
        "action_time": "2017-11-30T04:09:52.799Z",
        "user": [
            "admin@email.com"
        ],
        "content_type": [
            "companies",
            "mineownership"
        ],
        "object_id": "8",
        "object_repr": "Another ONe - Medium",
        "action_flag": 1,
        "change_message": "[{\"added\": {}}]"
    }
},
{
    "model": "admin.logentry",
    "pk": 324,
    "fields": {
        "action_time": "2017-11-30T04:10:35.024Z",
        "user": [
            "admin@email.com"
        ],
        "content_type": [
            "mining",
            "mine"
        ],
        "object_id": "4",
        "object_repr": "Huge",
        "action_flag": 2,
        "change_message": "[{\"changed\": {\"fields\": [\"price\"]}}]"
    }
},
{
    "model": "admin.logentry",
    "pk": 325,
    "fields": {
        "action_time": "2017-11-30T04:10:42.333Z",
        "user": [
            "admin@email.com"
        ],
        "content_type": [
            "mining",
            "mine"
        ],
        "object_id": "3",
        "object_repr": "Medium",
        "action_flag": 2,
        "change_message": "[{\"changed\": {\"fields\": [\"price\"]}}]"
    }
},
{
    "model": "admin.logentry",
    "pk": 326,
    "fields": {
        "action_time": "2017-11-30T04:10:58.276Z",
        "user": [
            "admin@email.com"
        ],
        "content_type": [
            "mining",
            "mine"
        ],
        "object_id": "2",
        "object_repr": "Tiny",
        "action_flag": 2,
        "change_message": "[{\"changed\": {\"fields\": [\"price\", \"upgrade\"]}}]"
    }
},
{
    "model": "admin.logentry",
    "pk": 327,
    "fields": {
        "action_time": "2017-11-30T04:11:09.090Z",
        "user": [
            "admin@email.com"
        ],
        "content_type": [
            "mining",
            "mine"
        ],
        "object_id": "3",
        "object_repr": "Medium",
        "action_flag": 2,
        "change_message": "[{\"changed\": {\"fields\": [\"upgrade\"]}}]"
    }
},
{
    "model": "admin.logentry",
    "pk": 328,
    "fields": {
        "action_time": "2017-11-30T04:11:13.367Z",
        "user": [
            "admin@email.com"
        ],
        "content_type": [
            "mining",
            "mine"
        ],
        "object_id": "2",
        "object_repr": "Tiny",
        "action_flag": 2,
        "change_message": "[]"
    }
},
{
    "model": "admin.logentry",
    "pk": 329,
    "fields": {
        "action_time": "2017-11-30T04:11:17.594Z",
        "user": [
            "admin@email.com"
        ],
        "content_type": [
            "mining",
            "mine"
        ],
        "object_id": "4",
        "object_repr": "Huge",
        "action_flag": 2,
        "change_message": "[{\"changed\": {\"fields\": [\"upgrade\"]}}]"
    }
},
{
    "model": "admin.logentry",
    "pk": 330,
    "fields": {
        "action_time": "2017-12-04T17:43:04.896Z",
        "user": [
            "admin@email.com"
        ],
        "content_type": [
            "accounts",
            "user"
        ],
        "object_id": "34",
        "object_repr": "12@12.com",
        "action_flag": 3,
        "change_message": ""
    }
},
{
    "model": "admin.logentry",
    "pk": 331,
    "fields": {
        "action_time": "2017-12-04T17:43:04.908Z",
        "user": [
            "admin@email.com"
        ],
        "content_type": [
            "accounts",
            "user"
        ],
        "object_id": "35",
        "object_repr": "13@13.com",
        "action_flag": 3,
        "change_message": ""
    }
},
{
    "model": "admin.logentry",
    "pk": 332,
    "fields": {
        "action_time": "2017-12-04T17:43:04.914Z",
        "user": [
            "admin@email.com"
        ],
        "content_type": [
            "accounts",
            "user"
        ],
        "object_id": "33",
        "object_repr": "15@15.com",
        "action_flag": 3,
        "change_message": ""
    }
},
{
    "model": "admin.logentry",
    "pk": 333,
    "fields": {
        "action_time": "2017-12-04T17:43:04.919Z",
        "user": [
            "admin@email.com"
        ],
        "content_type": [
            "accounts",
            "user"
        ],
        "object_id": "20",
        "object_repr": "1@1.com",
        "action_flag": 3,
        "change_message": ""
    }
},
{
    "model": "admin.logentry",
    "pk": 334,
    "fields": {
        "action_time": "2017-12-04T17:43:04.925Z",
        "user": [
            "admin@email.com"
        ],
        "content_type": [
            "accounts",
            "user"
        ],
        "object_id": "21",
        "object_repr": "2@2.com",
        "action_flag": 3,
        "change_message": ""
    }
},
{
    "model": "admin.logentry",
    "pk": 335,
    "fields": {
        "action_time": "2017-12-04T17:43:04.930Z",
        "user": [
            "admin@email.com"
        ],
        "content_type": [
            "accounts",
            "user"
        ],
        "object_id": "22",
        "object_repr": "3@3.com",
        "action_flag": 3,
        "change_message": ""
    }
},
{
    "model": "admin.logentry",
    "pk": 336,
    "fields": {
        "action_time": "2017-12-04T17:43:04.936Z",
        "user": [
            "admin@email.com"
        ],
        "content_type": [
            "accounts",
            "user"
        ],
        "object_id": "23",
        "object_repr": "4@4.com",
        "action_flag": 3,
        "change_message": ""
    }
},
{
    "model": "admin.logentry",
    "pk": 337,
    "fields": {
        "action_time": "2017-12-04T17:43:04.941Z",
        "user": [
            "admin@email.com"
        ],
        "content_type": [
            "accounts",
            "user"
        ],
        "object_id": "30",
        "object_repr": "5@5.com",
        "action_flag": 3,
        "change_message": ""
    }
},
{
    "model": "admin.logentry",
    "pk": 338,
    "fields": {
        "action_time": "2017-12-04T17:43:04.948Z",
        "user": [
            "admin@email.com"
        ],
        "content_type": [
            "accounts",
            "user"
        ],
        "object_id": "31",
        "object_repr": "6@6.com",
        "action_flag": 3,
        "change_message": ""
    }
},
{
    "model": "admin.logentry",
    "pk": 339,
    "fields": {
        "action_time": "2017-12-04T17:43:04.954Z",
        "user": [
            "admin@email.com"
        ],
        "content_type": [
            "accounts",
            "user"
        ],
        "object_id": "32",
        "object_repr": "7@7.com",
        "action_flag": 3,
        "change_message": ""
    }
},
{
    "model": "admin.logentry",
    "pk": 340,
    "fields": {
        "action_time": "2017-12-04T17:43:04.959Z",
        "user": [
            "admin@email.com"
        ],
        "content_type": [
            "accounts",
            "user"
        ],
        "object_id": "29",
        "object_repr": "8@8.com",
        "action_flag": 3,
        "change_message": ""
    }
},
{
    "model": "admin.logentry",
    "pk": 341,
    "fields": {
        "action_time": "2017-12-05T16:42:10.985Z",
        "user": [
            "admin@email.com"
        ],
        "content_type": [
            "accounts",
            "user"
        ],
        "object_id": "36",
        "object_repr": "2@2.com",
        "action_flag": 3,
        "change_message": ""
    }
},
{
    "model": "admin.logentry",
    "pk": 342,
    "fields": {
        "action_time": "2017-12-05T16:42:10.993Z",
        "user": [
            "admin@email.com"
        ],
        "content_type": [
            "accounts",
            "user"
        ],
        "object_id": "37",
        "object_repr": "3@3.com",
        "action_flag": 3,
        "change_message": ""
    }
},
{
    "model": "admin.logentry",
    "pk": 343,
    "fields": {
        "action_time": "2017-12-05T16:42:10.999Z",
        "user": [
            "admin@email.com"
        ],
        "content_type": [
            "accounts",
            "user"
        ],
        "object_id": "38",
        "object_repr": "4@4.com",
        "action_flag": 3,
        "change_message": ""
    }
},
{
    "model": "admin.logentry",
    "pk": 344,
    "fields": {
        "action_time": "2017-12-05T16:42:11.005Z",
        "user": [
            "admin@email.com"
        ],
        "content_type": [
            "accounts",
            "user"
        ],
        "object_id": "39",
        "object_repr": "5@5.com",
        "action_flag": 3,
        "change_message": ""
    }
},
{
    "model": "admin.logentry",
    "pk": 345,
    "fields": {
        "action_time": "2017-12-05T16:42:11.010Z",
        "user": [
            "admin@email.com"
        ],
        "content_type": [
            "accounts",
            "user"
        ],
        "object_id": "40",
        "object_repr": "something@email.com",
        "action_flag": 3,
        "change_message": ""
    }
},
{
    "model": "admin.logentry",
    "pk": 346,
    "fields": {
        "action_time": "2017-12-05T17:11:26.780Z",
        "user": [
            "admin@email.com"
        ],
        "content_type": [
            "companies",
            "companystorage"
        ],
        "object_id": "551",
        "object_repr": "Almighty Empress Zorgery's - Zorkium - 10",
        "action_flag": 2,
        "change_message": "[{\"changed\": {\"fields\": [\"amount\"]}}]"
    }
},
{
    "model": "admin.logentry",
    "pk": 347,
    "fields": {
        "action_time": "2017-12-06T19:20:22.561Z",
        "user": [
            "admin@email.com"
        ],
        "content_type": [
            "companies",
            "company"
        ],
        "object_id": "45",
        "object_repr": "the Bastard Bitch Crew",
        "action_flag": 2,
        "change_message": "[{\"changed\": {\"fields\": [\"money\"]}}]"
    }
},
{
    "model": "admin.logentry",
    "pk": 348,
    "fields": {
        "action_time": "2017-12-06T19:20:45.526Z",
        "user": [
            "admin@email.com"
        ],
        "content_type": [
            "companies",
            "mineownership"
        ],
        "object_id": "25",
        "object_repr": "the Bastard Bitch Crew - Huge",
        "action_flag": 1,
        "change_message": "[{\"added\": {}}]"
    }
},
{
    "model": "admin.logentry",
    "pk": 349,
    "fields": {
        "action_time": "2017-12-06T19:21:01.861Z",
        "user": [
            "admin@email.com"
        ],
        "content_type": [
            "companies",
            "mineownership"
        ],
        "object_id": "26",
        "object_repr": "the Bastard Bitch Crew - Medium",
        "action_flag": 1,
        "change_message": "[{\"added\": {}}]"
    }
},
{
    "model": "admin.logentry",
    "pk": 350,
    "fields": {
        "action_time": "2017-12-06T19:33:04.672Z",
        "user": [
            "admin@email.com"
        ],
        "content_type": [
            "companies",
            "mineownership"
        ],
        "object_id": "25",
        "object_repr": "the Bastard Bitch Crew - Huge",
        "action_flag": 2,
        "change_message": "[{\"changed\": {\"fields\": [\"upgrade\"]}}]"
    }
},
{
    "model": "admin.logentry",
    "pk": 351,
    "fields": {
        "action_time": "2017-12-06T19:33:11.139Z",
        "user": [
            "admin@email.com"
        ],
        "content_type": [
            "companies",
            "mineownership"
        ],
        "object_id": "26",
        "object_repr": "the Bastard Bitch Crew - Medium",
        "action_flag": 2,
        "change_message": "[{\"changed\": {\"fields\": [\"upgrade\"]}}]"
    }
},
{
    "model": "admin.logentry",
    "pk": 352,
    "fields": {
        "action_time": "2017-12-06T23:08:54.523Z",
        "user": [
            "admin@email.com"
        ],
        "content_type": [
            "companies",
            "ownership"
        ],
        "object_id": "40",
        "object_repr": "Almighty Empress Zorgery's - Daneel-R",
        "action_flag": 1,
        "change_message": "[{\"added\": {}}]"
    }
},
{
    "model": "admin.logentry",
    "pk": 353,
    "fields": {
        "action_time": "2017-12-08T14:08:19.945Z",
        "user": [
            "admin@email.com"
        ],
        "content_type": [
            "accounts",
            "user"
        ],
        "object_id": "41",
        "object_repr": "2@2.com",
        "action_flag": 3,
        "change_message": ""
    }
},
{
    "model": "admin.logentry",
    "pk": 354,
    "fields": {
        "action_time": "2017-12-08T14:08:19.956Z",
        "user": [
            "admin@email.com"
        ],
        "content_type": [
            "accounts",
            "user"
        ],
        "object_id": "42",
        "object_repr": "3@3.com",
        "action_flag": 3,
        "change_message": ""
    }
},
{
    "model": "admin.logentry",
    "pk": 355,
    "fields": {
        "action_time": "2017-12-08T14:08:19.963Z",
        "user": [
            "admin@email.com"
        ],
        "content_type": [
            "accounts",
            "user"
        ],
        "object_id": "43",
        "object_repr": "4@4.com",
        "action_flag": 3,
        "change_message": ""
    }
},
{
    "model": "admin.logentry",
    "pk": 356,
    "fields": {
        "action_time": "2017-12-08T14:08:19.970Z",
        "user": [
            "admin@email.com"
        ],
        "content_type": [
            "accounts",
            "user"
        ],
        "object_id": "44",
        "object_repr": "5@5.com",
        "action_flag": 3,
        "change_message": ""
    }
},
{
    "model": "admin.logentry",
    "pk": 357,
    "fields": {
        "action_time": "2017-12-08T14:08:19.975Z",
        "user": [
            "admin@email.com"
        ],
        "content_type": [
            "accounts",
            "user"
        ],
        "object_id": "45",
        "object_repr": "pepecandelas235@googlemail.com",
        "action_flag": 3,
        "change_message": ""
    }
},
{
    "model": "admin.logentry",
    "pk": 358,
    "fields": {
        "action_time": "2017-12-08T14:17:17.278Z",
        "user": [
            "admin@email.com"
        ],
        "content_type": [
            "mining",
            "mine"
        ],
        "object_id": "2",
        "object_repr": "Tiny",
        "action_flag": 2,
        "change_message": "[{\"changed\": {\"fields\": [\"image\"]}}]"
    }
},
{
    "model": "admin.logentry",
    "pk": 359,
    "fields": {
        "action_time": "2017-12-08T14:17:26.678Z",
        "user": [
            "admin@email.com"
        ],
        "content_type": [
            "mining",
            "mine"
        ],
        "object_id": "3",
        "object_repr": "Medium",
        "action_flag": 2,
        "change_message": "[{\"changed\": {\"fields\": [\"image\"]}}]"
    }
},
{
    "model": "admin.logentry",
    "pk": 360,
    "fields": {
        "action_time": "2017-12-08T14:17:33.160Z",
        "user": [
            "admin@email.com"
        ],
        "content_type": [
            "mining",
            "mine"
        ],
        "object_id": "4",
        "object_repr": "Huge",
        "action_flag": 2,
        "change_message": "[{\"changed\": {\"fields\": [\"image\"]}}]"
    }
},
{
    "model": "admin.logentry",
    "pk": 361,
    "fields": {
        "action_time": "2017-12-08T14:17:56.859Z",
        "user": [
            "admin@email.com"
        ],
        "content_type": [
            "planets",
            "planettype"
        ],
        "object_id": "5",
        "object_repr": "Tropical",
        "action_flag": 2,
        "change_message": "[{\"changed\": {\"fields\": [\"image\"]}}]"
    }
},
{
    "model": "admin.logentry",
    "pk": 362,
    "fields": {
        "action_time": "2017-12-08T14:18:04.241Z",
        "user": [
            "admin@email.com"
        ],
        "content_type": [
            "planets",
            "planettype"
        ],
        "object_id": "4",
        "object_repr": "Oceanic",
        "action_flag": 2,
        "change_message": "[{\"changed\": {\"fields\": [\"image\"]}}]"
    }
},
{
    "model": "admin.logentry",
    "pk": 363,
    "fields": {
        "action_time": "2017-12-08T14:18:20.271Z",
        "user": [
            "admin@email.com"
        ],
        "content_type": [
            "planets",
            "planettype"
        ],
        "object_id": "3",
        "object_repr": "Arctic",
        "action_flag": 2,
        "change_message": "[{\"changed\": {\"fields\": [\"description\", \"image\"]}}]"
    }
},
{
    "model": "admin.logentry",
    "pk": 364,
    "fields": {
        "action_time": "2017-12-08T14:18:25.799Z",
        "user": [
            "admin@email.com"
        ],
        "content_type": [
            "planets",
            "planettype"
        ],
        "object_id": "2",
        "object_repr": "Desert",
        "action_flag": 2,
        "change_message": "[{\"changed\": {\"fields\": [\"image\"]}}]"
    }
},
{
    "model": "admin.logentry",
    "pk": 365,
    "fields": {
        "action_time": "2017-12-08T14:18:31.884Z",
        "user": [
            "admin@email.com"
        ],
        "content_type": [
            "planets",
            "planettype"
        ],
        "object_id": "1",
        "object_repr": "Continental",
        "action_flag": 2,
        "change_message": "[{\"changed\": {\"fields\": [\"image\"]}}]"
    }
},
{
    "model": "admin.logentry",
    "pk": 366,
    "fields": {
        "action_time": "2017-12-08T14:19:22.501Z",
        "user": [
            "admin@email.com"
        ],
        "content_type": [
            "ships",
            "spaceship"
        ],
        "object_id": "1",
        "object_repr": "Cargo-Glork ZS",
        "action_flag": 2,
        "change_message": "[{\"changed\": {\"fields\": [\"ship\", \"image\"]}}]"
    }
},
{
    "model": "admin.logentry",
    "pk": 367,
    "fields": {
        "action_time": "2017-12-08T14:19:31.458Z",
        "user": [
            "admin@email.com"
        ],
        "content_type": [
            "ships",
            "spaceship"
        ],
        "object_id": "2",
        "object_repr": "Clarke Labs Odyssey CL",
        "action_flag": 2,
        "change_message": "[{\"changed\": {\"fields\": [\"image\"]}}]"
    }
},
{
    "model": "admin.logentry",
    "pk": 368,
    "fields": {
        "action_time": "2017-12-08T14:19:36.910Z",
        "user": [
            "admin@email.com"
        ],
        "content_type": [
            "ships",
            "spaceship"
        ],
        "object_id": "3",
        "object_repr": "Shard Vx313 CL",
        "action_flag": 2,
        "change_message": "[{\"changed\": {\"fields\": [\"image\"]}}]"
    }
},
{
    "model": "admin.logentry",
    "pk": 369,
    "fields": {
        "action_time": "2017-12-08T14:19:46.822Z",
        "user": [
            "admin@email.com"
        ],
        "content_type": [
            "ships",
            "spaceship"
        ],
        "object_id": "4",
        "object_repr": "Daneel-R F",
        "action_flag": 2,
        "change_message": "[{\"changed\": {\"fields\": [\"image\"]}}]"
    }
},
{
    "model": "admin.logentry",
    "pk": 370,
    "fields": {
        "action_time": "2017-12-08T14:19:51.958Z",
        "user": [
            "admin@email.com"
        ],
        "content_type": [
            "ships",
            "spaceship"
        ],
        "object_id": "5",
        "object_repr": "Mosquito F",
        "action_flag": 2,
        "change_message": "[{\"changed\": {\"fields\": [\"image\"]}}]"
    }
},
{
    "model": "admin.logentry",
    "pk": 371,
    "fields": {
        "action_time": "2017-12-08T14:19:59.258Z",
        "user": [
            "admin@email.com"
        ],
        "content_type": [
            "ships",
            "spaceship"
        ],
        "object_id": "6",
        "object_repr": "Lance F",
        "action_flag": 2,
        "change_message": "[{\"changed\": {\"fields\": [\"image\"]}}]"
    }
},
{
    "model": "admin.logentry",
    "pk": 372,
    "fields": {
        "action_time": "2017-12-08T14:20:06.935Z",
        "user": [
            "admin@email.com"
        ],
        "content_type": [
            "ships",
            "spaceship"
        ],
        "object_id": "7",
        "object_repr": "Pebble CL",
        "action_flag": 2,
        "change_message": "[{\"changed\": {\"fields\": [\"image\"]}}]"
    }
},
{
    "model": "admin.logentry",
    "pk": 373,
    "fields": {
        "action_time": "2017-12-08T14:20:15.626Z",
        "user": [
            "admin@email.com"
        ],
        "content_type": [
            "ships",
            "spaceship"
        ],
        "object_id": "8",
        "object_repr": "Glork Hauler CL",
        "action_flag": 2,
        "change_message": "[{\"changed\": {\"fields\": [\"image\"]}}]"
    }
},
{
    "model": "admin.logentry",
    "pk": 374,
    "fields": {
        "action_time": "2017-12-08T14:20:23.168Z",
        "user": [
            "admin@email.com"
        ],
        "content_type": [
            "ships",
            "spaceship"
        ],
        "object_id": "9",
        "object_repr": "Glork Titan ZS",
        "action_flag": 2,
        "change_message": "[{\"changed\": {\"fields\": [\"image\"]}}]"
    }
},
{
    "model": "admin.logentry",
    "pk": 375,
    "fields": {
        "action_time": "2017-12-08T14:20:33.825Z",
        "user": [
            "admin@email.com"
        ],
        "content_type": [
            "mining",
            "upgrade"
        ],
        "object_id": "3",
        "object_repr": "Improved Transport",
        "action_flag": 2,
        "change_message": "[{\"changed\": {\"fields\": [\"image\"]}}]"
    }
},
{
    "model": "admin.logentry",
    "pk": 376,
    "fields": {
        "action_time": "2017-12-08T14:20:39.861Z",
        "user": [
            "admin@email.com"
        ],
        "content_type": [
            "mining",
            "upgrade"
        ],
        "object_id": "2",
        "object_repr": "Enhanced Ion Dismantler",
        "action_flag": 2,
        "change_message": "[{\"changed\": {\"fields\": [\"image\"]}}]"
    }
},
{
    "model": "admin.logentry",
    "pk": 377,
    "fields": {
        "action_time": "2017-12-08T14:20:47.043Z",
        "user": [
            "admin@email.com"
        ],
        "content_type": [
            "mining",
            "upgrade"
        ],
        "object_id": "1",
        "object_repr": "Zumblox Ore Hounds",
        "action_flag": 2,
        "change_message": "[{\"changed\": {\"fields\": [\"image\"]}}]"
    }
},
{
    "model": "admin.logentry",
    "pk": 378,
    "fields": {
        "action_time": "2017-12-08T14:21:11.164Z",
        "user": [
            "admin@email.com"
        ],
        "content_type": [
            "marketplace",
            "story"
        ],
        "object_id": "2",
        "object_repr": "Zog's Decree",
        "action_flag": 2,
        "change_message": "[{\"changed\": {\"fields\": [\"image\"]}}]"
    }
},
{
    "model": "admin.logentry",
    "pk": 379,
    "fields": {
        "action_time": "2017-12-08T14:21:18.481Z",
        "user": [
            "admin@email.com"
        ],
        "content_type": [
            "marketplace",
            "story"
        ],
        "object_id": "1",
        "object_repr": "Hitch-hiked",
        "action_flag": 2,
        "change_message": "[{\"changed\": {\"fields\": [\"image\"]}}]"
    }
},
{
    "model": "admin.logentry",
    "pk": 380,
    "fields": {
        "action_time": "2017-12-08T14:23:04.257Z",
        "user": [
            "admin@email.com"
        ],
        "content_type": [
            "accounts",
            "user"
        ],
        "object_id": "46",
        "object_repr": "2@2.com",
        "action_flag": 3,
        "change_message": ""
    }
}
]
